post_id,text,time,comments,shares,reaction_count,like,love,care,haha,wow,sad,angry
785701286701141,"KT Rolster c√¥ng b·ªë ban hu·∫•n luy·ªán cho m√πa gi·∫£i 2024 v·ªõi HLV supreme (t√°i k√Ω h·ª£p ƒë·ªìng), HLV Museong (c·ª±u HLV c·ªßa GEN 2021 - 2023) v√† HLV Comet (c·ª±u HLV T1 2019 - 2020, RNG 2023).

#LCK #LCKVietNam #WeMakeLegends",2023-12-01 11:10:16,16,4,608,591,11,0,4,1,1,0
785480716723198,"- Top 5 x·∫° th·ªß ƒë·ªânh nh·∫•t CKTG 2023
+ Top1:",2023-12-01 11:00:25,31,11,1050,839,193,6,11,0,1,0
785681313369805,"T1 c√πng Faker th·∫Øng l·ªõn t·∫°i Esports Awards v·ªõi c√°c gi·∫£i th∆∞·ªüng:
- Esports Team Of The Year: T1.
- Esports PC Player Of The Year: Faker.
- Esports Content Of The Year: Faker.

#LCK #LCKVietNam #WeMakeLegends",2023-12-01 10:04:50,103,24,2255,1744,474,11,22,3,1,0
785370410067562,Gumayusi v√°c Rengar ƒëi top ƒë·ª•ng ƒë·ªô ngay Jax trong tay Morgan v√† c√°i k·∫øt,2023-12-01 07:00:25,87,13,1600,1181,8,2,404,2,3,0
785395820065021,"Effort l√† m·∫£nh gh√©p cu·ªëi c√πng c·ªßa ƒë·ªôi h√¨nh OK BRION trong nƒÉm 2024.

#LCK #LCKVietNam #WeMakeLegends",2023-11-30 20:34:13,102,2,2179,1870,13,2,285,4,5,0
785357093402227,Faker c·∫ßm Trundle ƒëi top b·ªã r·ª´ng team b·∫°n camp li√™n t·ª•c v√† c√°i k·∫øt,2023-11-30 19:45:08,20,3,1417,1160,8,2,242,3,1,1
785304633407473,KT l√∫c ƒë√≥ ki·ªÉu: ∆Ø·ªõc g√¨ ƒë∆∞·ª£c ch·ªçn l·∫°i,2023-11-30 18:00:24,16,6,623,525,4,0,93,1,0,0
785264243411512,Faker ƒë·ªç k√®o k·ªπ nƒÉng c√πng One champ Zed th√¨ chuy·ªán g√¨ s·∫Ω x·∫£y ra?,2023-11-30 14:41:04,36,7,1201,1165,16,1,16,2,1,0
785199893417947,"KT Rolster ch√†o ƒë√≥n Ng√†i Beryl v·ªÅ v·ªõi ƒë·ªôi h√¨nh 2024 c·ªßa m√¨nh. Hi·ªán t·∫°i KT ch·ªâ c√≤n thi·∫øu ƒë∆∞·ªùng tr√™n l√† s·∫Ω ho√†n thi·ªán ƒë·ªôi h√¨nh c·ªßa m√¨nh.

#LCK #LCKVietNam #WeMakeLegends",2023-11-30 11:15:21,381,33,5634,4408,54,9,1128,24,11,0
784939833443953,Team Whales l·∫ßn ƒë·∫ßu b∆°i ra bi·ªÉn l·ªõn v√† c√°i k·∫øt khi·∫øn m·ªçi ng∆∞·ªùi ph·∫£i ng∆∞·ªõc nh√¨n,2023-11-30 11:00:55,17,2,312,303,5,1,3,0,0,0
784906943447242,Qu·ª∑ V∆∞∆°ng Faker ph·ª•c h∆∞ng ƒë·∫ø ch·∫ø SKT T1 sau 6 nƒÉm ch·ªù ƒë·ª£i,2023-11-30 07:00:23,2,9,855,756,92,1,6,0,0,0
784822470122356,Oner x√≥a tan m·ªçi l·ªùi gi√®m pha b·∫±ng ch·ª©c v√¥ ƒë·ªãch th·∫ø gi·ªõi 2023,2023-11-29 20:10:31,77,32,4766,4162,101,2,489,7,5,0
784875430117060,"Ngo√†i line up kh·ªßng ƒë√£ ƒë∆∞·ª£c d·ª± ƒëo√°n t·ª´ tr∆∞·ªõc th√¨ GEN c≈©ng c√¥ng b·ªë d√†n HLV c·ª±c ch·∫•t:
- HLV Kim: HLV t·ª´ng v√¥ ƒë·ªãch th·∫ø gi·ªõi c√πng iG, v√¥ ƒë·ªãch LCK c√πng T1 v√† Longzhu.
- HLV Mata: MVP CKTG 2014 v√† nhi·ªÅu l·∫ßn v√¥ ƒë·ªãch LCK.
- HLV Helper: C·ª±u tuy·ªÉn th·ªß v√† HLV SSG, t·ª´ng gi√∫p PSG th·ªëng tr·ªã gi·∫£i PCS.

#LCK #LCKVietNam #WeMakeLegends",2023-11-29 19:43:31,244,15,2938,2853,28,2,37,15,3,0
784864610118142,"GEN c√¥ng b·ªë m·ªôt ƒë·ªôi h√¨nh r·∫•t ƒë√°ng g·ªùm v·ªõi s·ª± b·ªï sung Kiin, Canyon, t√°i k√Ω v·ªõi Chovy v√† ch√†o ƒë√≥n s·ª± tr·ªü l·∫°i c·ªßa Lehends.",2023-11-29 19:18:06,820,50,6988,5844,156,7,901,65,15,0
784783816792888,Qu·ª∑ V∆∞∆°ng Faker m·ªôt t∆∞·ª£ng ƒë√†i b·∫•t di·ªát c·ªßa n·ªÅn LMHT th·∫ø gi·ªõi,2023-11-29 17:35:54,40,40,3296,2748,521,10,14,1,2,0
784776220126981,Qu·ª∑ V∆∞∆°ng Faker comeback rank H√†n v√† m√†n h·ªßy di·ªát TF b·∫±ng con b√†i Yone,2023-11-29 15:36:45,4,3,608,594,9,1,2,1,0,1
784731076798162,Morgan c·∫ßm K'sante 1 vs 5 v√† c√°i k·∫øt,2023-11-29 12:41:21,25,6,829,619,10,0,197,1,2,0
784474800157123,Bi·∫øt √¥ng ng∆∞·ª°ng kh√¥ng? Ng∆∞·ª°ng n√†o? Ng∆∞·ª°ng m√°u t·ª≠,2023-11-29 07:03:16,80,13,2906,2226,11,1,661,5,2,0
784399593497977,Qu·ª∑ V∆∞∆°ng Faker k·∫ª h·ªßy di·ªát LPL,2023-11-28 20:14:40,289,761,14672,11344,2365,56,890,14,3,0
784340716837198,"HLE c√¥ng b·ªë Roster 2024 v·ªõi 2 nh√† v√¥ ƒë·ªãch th·∫ø gi·ªõi trong ƒë·ªôi h√¨nh thi ƒë·∫•u (Zeka - Viper) v√† 2 nh√† v√¥ ƒë·ªãch th·∫ø gi·ªõi trong ban hu·∫•n luy·ªán (DanDy - Mowgli).

#LCK #LCKVietNam #WeMakeLegends",2023-11-28 18:08:32,310,22,5148,4660,375,8,76,25,4,0
784301823507754,"LCK Awards - s·ª± ki·ªán ƒë∆∞·ª£c anh em mong ch·ªù nh·∫•t sau khi m√πa gi·∫£i k·∫øt th√∫c s·∫Ω di·ªÖn ra v√†o ng√†y 13.12.2023

#LCK #LCKVietNam #WeMakeLegends",2023-11-28 16:24:08,198,48,2929,2492,406,4,23,4,0,0
784261950178408,T1 ƒë√∫ng l√† √¥ng ho√†ng t·∫°o content t·∫°i LCK,2023-11-28 15:00:43,31,18,1788,1508,17,1,259,3,0,0
783975230207080,Song s√°t Gumayusi - Keria 10 ƒëi·ªÉm kh√¥ng c√≥ nh∆∞ng,2023-11-28 11:00:27,32,28,2062,1809,243,6,2,2,0,0
783928716878398,K√®o xu√¥i hay k√®o ng∆∞·ª£c th√¨ Qu·ª∑ V∆∞∆°ng Faker v·∫´n lu√¥n √°p ƒë·∫£o,2023-11-28 07:01:42,46,12,1896,1669,32,3,190,1,1,0
783858630218740,"Game Moba ‚ùå
Game ƒëua xe b·∫Øn s√∫ng ‚úÖ",2023-11-27 20:00:37,186,172,16239,11257,50,15,4859,20,36,2
783517196919550,Oner c·∫ßm c√¢y b√∫a l√™n v√† c√°i k·∫øt ƒë·∫Øng cho Tarzan,2023-11-27 17:30:02,11,3,686,576,5,1,102,1,1,0
783783660226237,"Tu·∫ßn tr∆∞·ªõc: T1 Thank You Roach ƒë√£ ƒë√≥ng g√≥p cho ƒë·ªôi trong t∆∞ c√°ch tuy·ªÉn th·ªß v√† HLV. Ch√∫c Roach g·∫∑p nhi·ªÅu may m·∫Øn trong t∆∞∆°ng lai.
Tu·∫ßn n√†y: T1 th√¥ng b√°o t√°i k√Ω v·ªõi Roach v√† mong nh·∫≠n ƒë∆∞·ª£c s·ª± ·ªßng h·ªô v√† quan t√¢m c·ªßa ng∆∞·ªùi h√¢m m·ªô.

#LCK #LCKVietNam #WeMakeLegends",2023-11-27 14:20:33,48,14,3642,2193,59,5,1373,5,7,0
783777406893529,"Morgan ƒë√∫ng l√† best Renekton combo v√† t√≠nh damage √°c qu√°

Morgan is the best Renekton combo and damage is so evil",2023-11-27 13:59:43,112,15,3110,2599,42,7,447,11,4,0
783530900251513,"·ªû ƒë√¢u c√≥ vi·ªác kh√≥, ƒë√£ c√≥ Gumayusi lo

Where there is difficulty, there is Gumayusi",2023-11-27 11:00:37,50,31,4657,4362,258,7,21,5,3,1
783480116923258,ƒê√¢y l√† l√Ω do Jarvan trong tay Oner c√≥ t·ª∑ l·ªá th·∫Øng l√™n ƒë·∫øn 80% t·∫°i CKTG 2023,2023-11-27 07:00:34,36,9,3144,2829,284,12,16,0,2,1
783399096931360,"Ch∆∞a ƒë·∫ßy 1 tu·∫ßn sau khi h·ª£p ƒë·ªìng c≈© h·∫øt h·∫°n, c√°c ƒë·ªôi tuy·ªÉn t·∫°i LCK ƒë√£ ho√†n thi·ªán ƒë·ªôi h√¨nh cho m√πa gi·∫£i 2024 d·ª± ki·∫øn s·∫Ω b·∫Øt ƒë·∫ßu gi·ªØa th√°ng 1.

#LCK #LCKVietNam #WeMakeLegends",2023-11-26 18:31:20,838,77,7965,6864,989,25,60,18,9,0
783051663632770,ƒê√¢y l√† l√Ω do Bard trong tay Keria c√≥ t·ª∑ l·ªá th·∫Øng 100% t·∫°i CKTG 2023,2023-11-26 07:00:12,174,24,3654,2984,455,14,194,4,3,0
782970200307583,"Liiv SANDBOX t√°i k√Ω th√†nh c√¥ng v·ªõi Clozer v√† ho√†n t·∫•t b·ªô khung cho m√πa gi·∫£i 2024. ƒê·ªôi h√¨nh hi·ªán t·∫°i c·ªßa LSB s·∫Ω l√†:
- ƒê∆∞·ªùng tr√™n: Clear
- ƒêi r·ª´ng: Willer
- ƒê∆∞·ªùng gi·ªØa: Clozer
- ƒê∆∞·ªùng d∆∞·ªõi: Hena
- H·ªó tr·ª£: JeongHoon
- HLV: Ryu - Lyn - Seobi.

#LCK #LCKVietNam #WeMakeLegends",2023-11-25 20:29:23,61,7,1737,1594,22,1,117,2,1,0
782849780319625,ƒê·∫≥ng c·∫•p hit and run c·ªßa si√™u x·∫° th·ªß Gumayusi n√≥ ƒë·ªânh th·∫ø n√†o?,2023-11-25 17:30:29,188,27,5167,4419,666,15,44,17,6,0
782834763654460,PzZZang ƒë√°nh kh√©t c·ª° n√†o khi·∫øn Morgan c≈©ng ph·∫£i to√°t c·∫£ m·ªì h√¥i h·ªôt,2023-11-25 15:00:17,127,13,1810,1556,14,0,228,8,4,0
782789696992300,ƒê√¢y l√† l√Ω do Azir trong tay Faker c√≥ t·ª∑ l·ªá th·∫Øng l√™n ƒë·∫øn 80% t·∫°i CKTG 2023,2023-11-25 12:26:59,129,32,5450,4625,764,21,30,5,4,1
782769303661006,2 m·∫£nh gh√©p c·ªßa DRX 2022 t√°i ng·ªô t·∫°i Kt Rolster.,2023-11-25 11:17:44,436,91,10120,8192,917,28,270,700,12,1
782759726995297,"B√™n l·ªÅ c√¢u chuy·ªán c·ªßa Gen.G th√¨ t·∫°i gi·∫£i ƒë·∫•u qu·ªëc n·ªôi, LCK c≈©ng c√¥ng nh·∫≠n:
- OKSavingsBank BRION ƒë∆∞·ª£c k·∫ø th·ª´a t·ª´ Najin bao g·ªìm c·∫£ ch·ª©c v√¥ ƒë·ªãch gi·∫£i m√πa ƒë√¥ng 2012-2013.
- Hanwha Life Esports ƒë∆∞·ª£c k·∫ø th·ª´a t·ª´ ROX Tigers, bao g·ªìm c·∫£ ch·ª©c v√¥ ƒë·ªãch gi·∫£i m√πa h√® 2016.
- V·ªÅ tr∆∞·ªùng h·ª£p c·ªßa MVP (ch·ª©c v√¥ ƒë·ªãch m√πa xu√¢n 2013), n√≥ kh√¥ng thu·ªôc v·ªÅ Gen.G b·ªüi MVP ƒë∆∞·ª£c coi l√† tan r√£ v√† ƒë·ªôi h√¨nh ƒë∆∞·ª£c th√†nh l·∫≠p l·∫°i d∆∞·ªõi t√™n Samsung.

LCK coi vi·ªác k·∫ø th·ª´a di s·∫£n c·ªßa m·ªôt ƒë·ªôi l√† ƒëi·ªÅu c·∫ßn thi·∫øt b·∫•t k·ªÉ l√† ƒë·ªôi tuy·ªÉn ƒë√≥ ƒë∆∞·ª£c t·ªï ch·ª©c kh√°c mua l·∫°i, ƒë·ªïi t√™n hay ƒë·ªïi th∆∞∆°ng hi·ªáu, mi·ªÖn l√† ƒë·ªôi kh√¥ng tan r√£ ho√†n to√†n.

#LCK #LCKVietNam #WeMakeLegends",2023-11-25 10:46:27,349,17,3095,2975,54,5,55,6,0,0
782479483689988,Varus trong tay Gumayusi c√≥ t·ª∑ l·ªá th·∫Øng 100% t·∫°i CKTG 2023,2023-11-25 07:05:08,89,20,2911,2436,447,8,12,7,1,0
782481253689811,"HLE ho√†n t·∫•t b·ªô khung ƒë·ªôi h√¨nh v·ªõi ng∆∞·ªùi ƒëi r·ª´ng kinh nghi·ªám b·∫≠c nh·∫•t LCK - Peanut.

#LCK #LCKVietNam #WeMakeLegends",2023-11-24 21:09:43,526,23,6105,5117,174,6,769,30,9,0
782460203691916,"T√†i nƒÉng ‚úîÔ∏è
ƒê·∫πp trai ‚úîÔ∏è
L√≤ng trung th√†nh ‚úîÔ∏è

Ch√∫c m·ª´ng OKSavingsBank BRION ƒë√£ gi·ªØ ƒë∆∞·ª£c linh h·ªìn c·ªßa m√¨nh cho m√πa gi·∫£i 2024.

#LCK #LCKVietNam #WeMakeLegends",2023-11-24 20:22:03,526,67,9238,6315,603,33,2217,10,57,3
782385297032740,Pyosik ƒë√°nh r·∫•t hay nh∆∞ng T1 r·∫•t ti·∫øc,2023-11-24 17:06:57,55,4,1423,1257,14,1,148,2,1,0
782380550366548,"CEO c·ªßa GEN - Arnold ch√≠nh th·ª©c x√°c nh·∫≠n v·ªÅ v·∫•n ƒë·ªÅ g√¢y tranh c√£i v·ªÅ Gen.G
- Danh hi·ªáu 2014 - 2017 ƒë∆∞·ª£c C√îNG NH·∫¨N CH√çNH TH·ª®C cho Gen.G (theo t√™n SSW v√† SSG).
- V·ªÅ chi·∫øc cup, h·∫ßu h·∫øt c√°c ƒë·ªôi ƒë·ªÅu t·ª± l√†m b·∫£n replica theo m·ª•c ƒë√≠ch c·ªßa ƒë·ªôi. Gen.G hi·ªán kh√¥ng s·ªü h·ªØu b·∫£n replica do c√°c v·∫•n ƒë·ªÅ v·ªÅ t√™n ƒë·ªôi t·∫°i th·ªùi ƒëi·ªÉm ƒë·∫°t danh hi·ªáu.
- Trong t∆∞∆°ng lai, n·∫øu Gen.G may m·∫Øn c√≥ ƒë∆∞·ª£c ch·ª©c v√¥ ƒë·ªãch th·∫ø gi·ªõi, ƒë·ªôi s·∫Ω xem x√©t t·ªõi vi·ªác s·∫£n xu·∫•t v√† tr∆∞ng b√†y chi·∫øc cup replica.
- L√Ω do √°o ƒë·∫•u nƒÉm nay kh√¥ng c√≥ 2 ng√¥i sao (nƒÉm 2020 v·∫´n c√≥) l√† do t·∫•t c·∫£ c√°c ƒë·ªôi c·ªßa t·ªï ch·ª©c ƒë·ªÅu d√πng chung 1 m·∫´u √°o thi ƒë·∫•u.

#LCK #LCKVietNam #WeMakeLegends",2023-11-24 16:48:20,852,35,2529,1887,19,0,617,3,3,0
782370663700870,"Doran s·∫Ω l√† ƒë∆∞·ªùng tr√™n c·ªßa Hanwha Life Esports trong m√πa gi·∫£i 2024.

#LCK #LCKVietNam #WeMakeLegends",2023-11-24 16:13:39,255,23,4337,3633,49,0,615,27,12,1
782332423704694,"BLV Ho√†ng Lu√¢n ch∆°i l·ªõn ngay sau khi T1 t√°i k√Ω h·ª£p ƒë·ªìng v·ªõi ƒë·ªôi h√¨nh v√¥ ƒë·ªãch CKTG 2023.

#LCK #LCKVietNam #WeMakeLegends",2023-11-24 14:09:02,735,89,16531,10685,317,44,5347,84,54,0
782290357042234,ƒê√¢y l√† l√Ω do Aatrox trong tay Zeus c√≥ t·ª∑ l·ªá th·∫Øng 71.4% t·∫°i CKTG 2023,2023-11-24 11:49:47,195,45,6099,5317,679,17,73,10,3,0
782262557045014,"V·ªõi gia h·∫°n h·ª£p ƒë·ªìng th√™m 3 nƒÉm, nhi·ªÅu kh·∫£ nƒÉng DK s·∫Ω l√† ƒë·ªôi tuy·ªÉn duy nh·∫•t ShowMaker thi ƒë·∫•u trong s·ª± nghi·ªáp c·ªßa m√¨nh.

#LCK #LCKVietNam #WeMakeLegends",2023-11-24 10:12:55,158,5,3784,3602,119,9,45,5,4,0
782038500400753,"Showmaker t√°i k√Ω 3 nƒÉm v·ªõi Dplus KIA v√† b·ªô ƒë√¥i JUGKING - MIDKING ƒë√£ ch√≠nh th·ª©c chia l√¨a t·ª´ m√πa gi·∫£i 2024.

#LCK #LCKVietNam #WeMakeLegends",2023-11-23 22:24:05,184,9,4908,4111,62,7,644,12,72,0
782009063737030,"Dplus KIA th√¥ng b√°o chi√™u m·ªô th√†nh c√¥ng Kingen, Aiming ƒë·ªìng th·ªùi ƒë∆∞a t√†i nƒÉng tr·∫ª Lucid l√™n thi ƒë·∫•u t·∫°i LCK.

#LCK #LCKVietNam #WeMakeLegends",2023-11-23 21:17:08,369,12,3714,3140,36,4,420,101,13,0
781966330407970,"R·ªùi xa v√≤ng tay ng√†i th√¨ li·ªáu Hena c√≥ th·ªÉ to·∫£ s√°ng v√† gi√†nh ch·ª©c v√¥ ƒë·ªãch nh∆∞ Delight kh√¥ng ƒë√¢y ü§îü§î

#LCK #LCKVietNam #WeMakeLegends",2023-11-23 19:38:57,39,5,1140,975,15,1,146,3,0,0
781812750423328,"T1 gi·ªØ ch√¢n th√†nh c√¥ng Keria v√† v·∫´n gi·ªØ nguy√™n b·ªô khung 5 ng∆∞·ªùi cho m√πa gi·∫£i 2024.

#LCK #LCKVietNam #WeMakeLegends",2023-11-23 12:23:22,654,73,12179,8802,3154,114,93,9,6,1
781808980423705,"T1 gia h·∫°n h·ª£p ƒë·ªìng th√†nh c√¥ng v·ªõi Zeus v√† Gumayusi.

#LCK #LCKVietNam #WeMakeLegends",2023-11-23 12:11:29,491,51,10266,7443,2652,93,65,10,2,1
781776677093602,"DRX ch·ªët s·ªï ƒë·ªôi h√¨nh 2024 v·ªõi ƒë·∫ßu t√†u Rascal.

#LCK #LCKVietNam #WeMakeLegends",2023-11-23 10:33:45,275,18,6097,5493,475,9,93,21,6,0
781583980446205,T1 h√© l·ªô ƒë·ªôi h√¨nh 6 ng∆∞·ªùi cho m√πa gi·∫£i 2024 üòÉüòÉ,2023-11-23 00:21:00,382,52,10172,7631,645,37,1805,34,20,0
781383270466276,T1 ƒë·ªçc BLG d·ªÖ nh∆∞ ƒë·ªçc m·ªôt cu·ªën s√°ch,2023-11-22 18:00:43,46,13,2613,2269,20,0,321,0,3,0
781406420463961,"DeLight gia nh·∫≠p Hanwha Life Esports v√† s·∫Ω thi ƒë·∫•u c√πng Viper trong m√πa gi·∫£i 2024.

#LCK #LCKVietNam #WeMakeLegends",2023-11-22 17:01:13,331,5,5321,4685,74,2,88,459,13,0
781351683802768,"OKSavingsBank BRION chi√™u m·ªô th√†nh c√¥ng x·∫° th·ªß Envyy ngay ·ªü ƒë·∫ßu k·ª≥ chuy·ªÉn nh∆∞·ª£ng.

#LCK #LCKVietNam #WeMakeLegends",2023-11-22 14:00:09,40,3,1392,1346,22,1,15,6,2,0
781303190474284,Akali trong tay Faker c√≥ t·ª∑ l·ªá th·∫Øng 100% t·∫°i CKTG 2023,2023-11-22 11:29:24,185,23,5834,4681,111,14,1016,4,7,1
781292160475387,"OKSavingsBank BRION t√°i k√Ω h·ª£p ƒë·ªìng v·ªõi ƒë∆∞·ªùng gi·ªØa Karis v√† s·∫Ω c√¥ng b·ªë 1 ""bom t·∫•n"" v√†o tr∆∞a nay.

#LCK #LCKVietNam #WeMakeLegends",2023-11-22 10:52:39,61,2,1813,1745,29,1,22,8,8,0
781047080499895,Tr√πm cu·ªëi s·∫Ω kh√¥ng l√†m b·∫°n th·∫•t v·ªçng,2023-11-22 07:01:00,38,21,2728,2274,419,8,25,1,1,0
781001193837817,"Trong n·ªó l·ª±c t√°i ki·∫øn thi·∫øt ƒë·ªôi h√¨nh trong nƒÉm 2024, Dplus KIA ƒë√£ ch√†o ƒë√≥n s·ª± tr·ªü l·∫°i c·ªßa HLV Zefa - ng∆∞·ªùi t·ª´ng ƒë√≥ng g√≥p nhi·ªÅu th√†nh c√¥ng cho DK trong qu√° kh·ª©.

#LCK #LCKVietNam #WeMakeLegends",2023-11-21 20:28:09,43,5,2130,2080,18,2,19,11,0,0
780913683846568,"HLV Kkoma t√°i h·ª£p Faker, li·ªáu T1 s·∫Ω th·ªëng tr·ªã LCK 2024",2023-11-21 17:45:59,26,17,2409,1983,394,12,19,1,0,0
780864780518125,[Vietsub] Ph·ªèng v·∫•n T1 | Tr·∫≠n chung k·∫øt CKTG 2023 gi·ªØa T1 & WBG,2023-11-21 14:54:21,69,197,5316,4293,965,29,24,3,2,0
780858257185444,"Nh·ªØng ƒë·ªông th√°i m·ªõi nh·∫•t c·ªßa Liiv SANDBOX:
- T√°i k√Ω v·ªõi Clear v√† Willer
- Chia tay Burdol, Clozer,Teddy v√† Kael

#LCK #LCKVietNam #WeMakeLegends",2023-11-21 13:35:06,39,8,1873,1718,139,0,6,3,7,0
780792377192032,Faker & Zeus chi·∫øm tr·ªçn spotlight ·ªü tr·∫≠n chung k·∫øt,2023-11-21 11:01:12,171,115,8974,7382,1462,29,82,8,10,1
780806323857304,"D√π chia tay v·ªõi Roach v√† Sky nh∆∞ng T1 ƒë√£ ch√†o ƒë√≥n s·ª± tr·ªü l·∫°i c·ªßa HLV huy·ªÅn tho·∫°i Kim ""kkOma"" Jeong-gyun.

#LCK #LCKVietNam #WeMakeLegends",2023-11-21 10:41:28,295,50,8310,6690,1487,50,46,30,7,0
780777943860142,"ƒêi ng∆∞·ª£c v·ªõi tr√†o l∆∞u Thank you hay Farewell, HLE ch·ªâ chia tay Kingen, Life ƒë·ªìng th·ªùi gi·ªØ ch√¢n th√†nh 2 tr·ª• c·ªôt l√† Viper v√† Zeka.

#LCK #LCKVietNam #WeMakeLegends",2023-11-21 09:24:38,186,11,2342,2278,27,2,27,2,6,0
780752950529308,"Beryl, Croco, Fate v√† Deokdam l√† nh·ªØng c√°i t√™n ti·∫øp theo gia nh·∫≠p team FA sau khi h·∫øt h·∫°n h·ª£p ƒë·ªìng v·ªõi DRX.

#LCK #LCKVietNam #WeMakeLegends",2023-11-21 08:01:53,103,6,1414,1359,20,1,8,9,17,0
780749500529653,"V√≤ng xo√°y h·∫øt h·∫°n h·ª£p ƒë·ªìng v·∫´n ti·∫øp t·ª•c khi DK th√¥ng b√°o v·ªÅ tr∆∞·ªùng h·ª£p c·ªßa Canyon, Deft v√† Canna.

#LCK #LCKVietNam #WeMakeLegends",2023-11-21 07:49:03,266,15,3120,3030,34,6,22,6,22,0
780747443863192,"ƒê·ªôi h√¨nh GEN.G hi·ªán t·∫°i ch·ªâ c√≤n Peyz l√† c√≤n h·ª£p ƒë·ªìng ƒë·∫øn 2024.

#LCK #LCKVietNam #WeMakeLegends",2023-11-21 07:41:58,419,21,2661,2300,13,2,106,10,229,1
780743470530256,"BRION c√¥ng b·ªë h·∫øt h·∫°n h·ª£p ƒë·ªìng v·ªõi Morgan, Umti, Hena v√† Effort.

#LCK #LCKVietNam #WeMakeLegends",2023-11-21 07:27:36,271,23,3766,3156,35,6,37,15,517,0
780740063863930,"Kt Rolster h·∫øt h·∫°n h·ª£p ƒë·ªìng v·ªõi 4/5 tuy·ªÉn th·ªß ƒë·ªìng th·ªùi x√°c nh·∫≠n chia tay HLV Rapidstar.

#LCK #LCKVietNam #WeMakeLegends",2023-11-21 07:16:48,123,9,1535,1362,11,2,5,6,149,0
780584727212797,"- Top 5 ƒë·ªôi tuy·ªÉn l√† c√≥ l∆∞·ª£ng fan cu·ªìng nhi·ªát nh·∫•t Vi·ªát Nam
+ Top1:",2023-11-21 07:00:35,58,29,3815,2904,344,13,547,2,5,0
780433490561254,"- Top 10 tuy·ªÉn th·ªß LMHT t√¥i tin t∆∞·ªüng nh·∫•t
+ Top1: Qu·ª∑ V∆∞∆°ng Faker",2023-11-20 21:00:43,13,7,996,852,135,5,4,0,0,0
780425157228754,Qu·ª∑ V∆∞∆°ng Faker k·∫ª h·ªßy di·ªát LPL,2023-11-20 19:00:39,55,93,2248,1906,309,15,15,3,0,0
780455690559034,"Trong khi ng∆∞·ªùi h√¢m m·ªô ƒëang ph√°t cu·ªìng v·ªõi ch·ª©c v√¥ ƒë·ªãch l·ªãch s·ª≠ 1vs4 c·ªßa T1 t·∫°i CKTG 2023 th√¨ Woori c≈©ng r·∫•t chi·ªÅu l√≤ng fan h√¢m m·ªô LCK khi buff cho c√°c t√†i kho·∫£n ti·∫øt ki·ªám l√™n t·ªõi 11% m·ªói nƒÉm.

V·ªõi m·ª©c l√£i su·∫•t ho√†n to√†n v∆∞·ª£t tr·ªôi ·ªü th·ªùi ƒëi·ªÉm hi·ªán t·∫°i, c√°c WOO th·ªß h√£y nhanh tay m·ªü ngay t√†i kho·∫£n ti·∫øt ki·ªám qua ch∆∞∆°ng tr√¨nh WON Challenge ƒë·ªÉ ƒë∆∞·ª£c h∆∞·ªüng t·ªëi ƒëa m·ª©c ∆∞u ƒë√£i c≈©ng nh∆∞ nh·∫≠n c√°c ph·∫ßn qu√† r·∫•t gi√° tr·ªã t·ª´ LCK nh∆∞ m√¥ h√¨nh LMHT, Chu·ªôt, L√≥t chu·ªôt, B√†n Ph√≠m LCK hay c√°c v·∫≠t ph·∫©m ingame, ...

üëâ Nhanh tay t·∫£i WON App ngay v√† tham gia WON Challenge t·∫°i ƒë√¢y: https://bit.ly/WONApp_AWO
üëâTham kh·∫£o th√™m qua: https://wooriverse.woori.com.vn/

‚Äî
#WooriBank #LCK #WOORIBANKXLCK #WONLCK #WooriBankVietNam #WooriWONVietnam #LiveInTheWOO

WOORIVERSE.WOORI.COM.VN
Ng√¢n h√†ng WooriBank Vi·ªát Nam",2023-11-20 17:48:27,5,4,119,105,12,2,0,0,0,0
780374217233848,"Zeus x·ª≠ l√Ω k·ªπ nƒÉng qu√° √°c, ƒë√°nh cho The Shy kh√¥ng ƒë∆∞·ª£c th·ªü tr√™n top",2023-11-20 17:00:33,25,4,830,683,125,7,13,1,1,0
780390250565578,"Trong nh·ªØng chia s·∫ª v·ªõi nh·∫•t, c·∫£ Deft l·∫´n Faker ƒë·ªÅu th√¥ng b√°o s·∫Ω ti·∫øp t·ª•c thi ƒë·∫•u chuy√™n nghi·ªáp trong m√πa gi·∫£i 2024.

#LCKVietNam #LCKWIN #WeMakeLegends #CKTG2023",2023-11-20 14:22:10,165,22,6274,5075,1124,32,36,6,1,0
780356097235660,,2023-11-20 12:37:38,20,2,3158,2283,838,23,14,0,0,0
780299447241325,"B·ªën ƒë√°nh m·ªôt, kh√¥ng ch·ªôt c≈©ng qu√® nh∆∞ng m√† n√≥ l·∫° l·∫Øm",2023-11-20 11:50:00,50,9,1080,795,20,2,260,1,2,0
780325033905433,"T·ªïng th·ªëng H√†n Qu·ªëc - Yoon Suk-yeol g·ª≠i th∆∞ ch√∫c m·ª´ng ch·ª©c v√¥ ƒë·ªãch th·∫ø gi·ªõi c·ªßa ƒë·∫°i di·ªán LCK - T1 sau 7 nƒÉm v√† nh·∫Øc tr·ª±c ti·∫øp t√™n c·ªßa 5 tuy·ªÉn th·ªß: Lee Sang-hyeok, Choi Woo-je, Moon Hyeon-jun, Lee Min-hyeong, Ryu Min-seok.

#LCKVietNam #LCKWIN #WeMakeLegends #CKTG2023",2023-11-20 10:59:13,159,29,3297,2414,696,19,29,138,1,0
780159773921959,God of Thunder > Top God,2023-11-20 10:00:15,130,7,2260,1856,51,2,348,2,1,0
780126817258588,"ƒê·∫≠p tan m·ªçi l·ªùi d√®m pha, Faker t√¨m l·∫°i ngai v√†ng sau 6 nƒÉm ch·ªù ƒë·ª£i",2023-11-20 06:45:11,490,270,10985,8545,1518,45,864,6,6,1
780049397266330,Xem ƒë·∫øn cu·ªëi ƒë·ªÉ coi fan h√¢m m·ªô T1 ·ªü Vi·ªát Nam ƒë·ªânh nh∆∞ th·∫ø n√†o?,2023-11-19 21:33:50,299,290,13221,10906,2106,43,147,13,5,1
780040827267187,"2015: SKT T1 MaRin
2022: DRX Kingen
2023: T1 Zeus

LCK v·∫´n lu√¥n t·ª± h√†o s·ªü h·ªØu nh·ªØng ƒë∆∞·ªùng tr√™n qu√°i v·∫≠t nh·∫•t t·∫°i LMHT üî•üî•

#LCKVietNam #LCKWIN #WeMakeLegends #CKTG2023",2023-11-19 21:11:51,402,28,9068,6969,1978,50,67,2,2,0
779978053940131,Highlights: T1 3 - 0 WBG | Tr·∫≠n chung k·∫øt CKTG 2023,2023-11-19 18:48:46,110,57,1802,1395,295,6,106,0,0,0
779975337273736,"4 CUP V√î ƒê·ªäCH TH·∫æ GI·ªöI TRONG 10 NƒÇM S·ª∞ NGHI·ªÜP

S∆∞·ªùn d·ªëc s·ª± nghi·ªáp c·ªßa Faker v·∫´n l√† m·ªôt th·ª© g√¨ ƒë√≥ kh√¥ng th·ªÉ gi·∫£i th√≠ch.

#LCKVietNam #LCKWIN #WeMakeLegends #CKTG2023",2023-11-19 18:37:28,738,362,13163,8781,3151,100,1124,1,6,0
779971380607465,T1 vs WBG | T1 ch√≠nh th·ª©c v√¥ ƒë·ªãch chung k·∫øt th·∫ø gi·ªõi sau 6 nƒÉm ch·ªù ƒë·ª£i #CKTG2023,2023-11-19 18:28:14,581,162,10549,8984,1448,43,70,2,2,0
779965290608074,"NOT IN MY HOUSE
CUP IN MY HOUSE

T1 l√† nh√† v√¥ ƒë·ªãch c·ªßa CKTG 2023 v√† Summoner's Cup v·∫´n ·ªü l·∫°i H√†n Qu·ªëc!!

#LCKVietNam #LCKWIN #WeMakeLegends #CKTG2023",2023-11-19 18:11:14,1900,3600,20832,13179,6225,182,1225,10,10,1
779952797275990,T1 vs WBG | Zeus c·∫ßm Qwen c·∫Øt n√°t ƒë·ªôi h√¨nh WBG #CKTG2023,2023-11-19 17:36:52,274,35,5006,4556,391,17,40,0,2,0
779947673943169,"[CHUNG K·∫æT CKTG 2023: WBG 0-2 T1]

GOD THUNDER h·ªßy di·ªát TOP GOD, T1 ch·ªâ c·∫ßn c√°ch ch·ª©c v√¥ ƒë·ªãch th·∫ø gi·ªõi 1 v√°n ƒë·∫•u n·ªØa th√¥i.

#LCKVietNam #LCKWIN #WeMakeLegends #CKTG2023",2023-11-19 17:22:17,1700,851,10916,7336,2190,69,1305,4,11,1
779929433944993,"[CHUNG K·∫æT CKTG 2023: WBG 0-1 T1]

Weiwei r·∫•t t·ªët nh∆∞ng Oner r·∫•t ti·∫øc. 1-0 cho T1 üî•üî•

#LCKVietNam #LCKWIN #WeMakeLegends #CKTG2023",2023-11-19 16:28:56,1100,385,7288,5106,1419,55,703,1,4,0
779925667278703,T1 ƒë·ª•ng ƒë·ªô WBG - Ngai v√†ng s·∫Ω g·ªçi t√™n ai?,2023-11-19 16:21:01,32,45,1717,1407,281,12,14,3,0,0
779915387279731,"Nh·∫≠n x√©t c·ªßa b·∫°n v·ªÅ Opening Ceremony CKTG 2023.

#LCKVietNam #LCKWIN #WeMakeLegends #CKTG2023",2023-11-19 15:49:42,269,16,5419,4565,794,27,23,6,4,0
779832387288031,"L·∫ßn th·ª© 6 g√≥p m·∫∑t trong m·ªôt tr·∫≠n chung k·∫øt CKTG c·ªßa Faker.

QU·ª∂ V∆Ø∆†NG B·∫§T T·ª¨.

#LCKVietNam #LCKWIN #WeMakeLegends #CKTG2023",2023-11-19 11:58:00,119,87,4119,3089,991,27,8,2,2,0
779780840626519,"S·∫µn s√†ng cho tr·∫≠n chung k·∫øt CKTG 2023 üî•üî•

#LCKVietNam #LCKWIN #WeMakeLegends #CKTG2023",2023-11-19 09:23:27,327,236,7527,5708,1741,40,36,2,0,0
779350387336231,"15:00 Khai m·∫°c, 15:15 Khai chi·∫øn th√¨ m·∫•y gi·ªù s·∫Ω ph·ªèng v·∫•n ƒë√¢y anh em üòÑüòÑ

#LCKVietNam #LCKWIN #WeMakeLegends #CKTG2023",2023-11-18 15:06:54,653,136,7511,5954,906,33,609,4,5,0
779294257341844,Cosplay c·ª±c ch·∫•t t·∫°i FAN FEST CKTG 2023 üòçüòç,2023-11-18 12:43:01,7,0,842,800,28,1,12,0,1,0
779282524009684,"Q1 t·ªët, Q2 tr√∫ng r√¨a, Q3 Faker solokill Yone",2023-11-18 12:16:27,203,28,3748,3139,55,4,537,12,1,0
778966184041318,Li·ªáu WBG c√≥ l√†m th√™m 1 c√∫ Miracle Run ƒë√°nh b·∫°i T1 nh∆∞ DRX t·∫°i CKTG 2023,2023-11-18 07:00:56,63,11,830,785,16,0,17,0,10,2
778842017387068,"C√ÅC ƒê·ªäA ƒêI·ªÇM T·ªî CH·ª®C VIEWING PARTY CHUNG K·∫æT CKTG 2023

CKTG 2023 ƒë∆∞·ª£c t·ªï ch·ª©c t·∫°i H√†n Qu·ªëc v√† nƒÉm nay, LCK c√≥ 1 ƒë·ªôi tuy·ªÉn g√≥p m·∫∑t trong tr·∫≠n ƒë·∫•u cu·ªëi c√πng l√† T1. ƒê·ªÉ ti·ªán cho c√°c fan c·ªßa LCK mu·ªën ho√† m√¨nh v√†o b·∫ßu kh√¥ng kh√≠ n√†y, LCK Vi·ªát Nam xin g·ª£i √Ω m·ªôt v√†i ƒë·ªãa ƒëi·ªÉm ƒë·ªÉ c√°c b·∫°n c√≥ th·ªÉ ƒë·∫øn v√† theo d√µi c√πng r·∫•t nhi·ªÅu fan kh√°c ƒë·ªÉ c·ªï v≈© cho khu v·ª±c LCK v√¥ ƒë·ªãch th·∫ø gi·ªõi nƒÉm nay!!

üó∫H√Ä N·ªòI
- Nh√† thi ƒë·∫•u T√¢y H·ªì (S·ªë 101 Xu√¢n La, T√¢y H·ªì) - Viewing Party c·ªßa VCS LMHT.
- Gamehome 1174 ƒê∆∞·ªùng L√°ng.
- Vikings Gi·∫£i Ph√≥ng (T·∫ßng 4 - 697 Gi·∫£i Ph√≥ng)
- Gaming X Cyber - T·∫ßng 3B t√≤a CTM 139 ƒë∆∞·ªùng C·∫ßu Gi·∫•y.
- OEG STADIUM - T·∫ßng 5 TTTM Ch·ª£ M∆°, 459C B·∫°ch Mai.

üó∫TH√ÄNH PH·ªê H·ªí CH√ç MINH
- Nh√† thi ƒë·∫•u R·∫°ch Mi·ªÖu (S·ªë 01 Hoa Ph∆∞·ª£ng, Ph√∫ Nhu·∫≠n) - Viewing Party c·ªßa VCS LMHT.
- GameHome Ho√† H∆∞ng - 125/2 ƒê. Ho√† H∆∞ngPh∆∞·ªùng 12, Qu·∫≠n 10.
- Vikings Ho√†ng VƒÉn Th·ª• (431A - Ho√†ng VƒÉn Th·ª•)

üó∫H·∫¢I PH√íNG
- IMPALA BLILLARD CLUB - 24 Tr·∫ßn Ph√∫.

üó∫B√åNH D∆Ø∆†NG
- Lotte Cinema Dƒ© An. s·ªë 3 DT743B Khu Ph·ªë Th·ªëng Nh·∫•t, P.T√¢n ƒê√¥ng Hi·ªáp.

ƒê·ª´ng ng·∫ßn ng·∫°i chia s·∫ª th√™m nh·ªØng ƒë·ªãa ƒëi·ªÉm Watch Party tr√™n kh·∫Øp c·∫£ n∆∞·ªõc ƒë·ªÉ c√°c fan LCK c√≥ th·ªÉ ƒë·ªìng l√≤ng c·ªï v≈© cho khu v·ª±c LCK t·∫°i tr·∫≠n chung k·∫øt s·∫Øp t·ªõi nh√©!!

#LCKVietNam #LCKWIN #WeMakeLegends #CKTG2023",2023-11-17 19:00:02,305,19,2555,2335,210,4,4,2,0,0
778821014055835,Ngai V√†ng B·ª´ng S√°ng - Vua Surima Hi·ªán Th√¢n Qua Faker,2023-11-17 17:08:47,172,66,8806,8020,721,18,39,4,4,0
778741270730476,Qu·ª∑ V∆∞∆°ng Faker li√™n t·ª•c tryhard Akali tr∆∞·ªõc th·ªÅm tr·∫≠n chung k·∫øt c√πng WBG,2023-11-17 13:30:14,30,4,1100,1056,34,1,8,1,0,0
778731990731404,"Kh√¥ng kh√≠ CKTG ƒëang tr√†n ng·∫≠p t·∫°i nhi·ªÅu n∆°i ·ªü Seoul. V√†o t·ªëi ng√†y 18/11, t·∫°i qu·∫£ng tr∆∞·ªùng Gwanghwamun c≈©ng s·∫Ω c√≥ m·ªôt concert ƒë·∫∑c bi·ªát v·ªõi s·ª± g√≥p m·∫∑t c·ªßa Alan Walker, (G)I-ILE, Mushvenom, FT Island, ...

#LCKVietNam #LCKWIN #WeMakeLegends #CKTG2023",2023-11-17 11:46:50,142,38,3411,2829,551,11,10,9,1,0
778457947425475,Tr√πm cu·ªëi th√¨ ch∆∞a bao gi·ªù l√†m anh em th·∫•t v·ªçng,2023-11-17 10:41:13,11,12,967,866,90,2,8,1,0,0
778701744067762,"S·ª± t·ª± tin c·ªßa T1 trong bu·ªïi Media Day CKTG 2023. ƒê·∫°i di·ªán c·ªßa LCK r·∫•t ƒë∆∞·ª£c k·ª≥ v·ªçng s·∫Ω ƒëem v·ªÅ vinh quang cho khu v·ª±c trong m·ªôt m√πa gi·∫£i m√† LPL ƒëang v∆∞∆°n l√™n r·∫•t m·∫°nh m·∫Ω!!

#LCKVietNam #LCKWIN #WeMakeLegends #CKTG2023",2023-11-17 10:14:35,85,15,2747,2296,429,13,7,2,0,0
778277040776899,"Th√°i t·ª≠ Gumayusi h·ªßy di·ªát rank H√†n v·ªõi KDA 17/1/4 b·∫±ng con b√†i Xayah

Prince Gumayusi destroys Korean rank with KDA 17/1/4 with Xayah card",2023-11-16 17:11:13,26,7,1618,1542,60,7,6,1,1,1
778301654107771,K'sante d√π b·ªã Riot nerf nh∆∞ng trong tay Morgan v·∫´n l√† c√°i g√¨ ƒë√≥,2023-11-16 15:34:20,14,1,412,342,6,0,62,0,2,0
778278467443423,"Oner PRIME ƒëang khi·∫øn cho c·ªông ƒë·ªìng LCK v·ªØng tin v√†o vi·ªác gi·ªØ Summoner Cup ·ªü l·∫°i H√†n Qu·ªëc.

#LCKVietNam #LCKWIN #WeMakeLegends #CKTG2023",2023-11-16 14:16:06,91,12,5157,4285,815,22,29,4,2,0
778251584112778,Yone trong tay Faker ƒëang c√≥ t·ª∑ l·ªá th·∫Øng l√™n ƒë·∫øn 66% t·∫°i rank th√°ch ƒë·∫•u H√†n,2023-11-16 12:58:43,42,4,1153,1114,23,6,8,2,0,0
777974234140513,Zeus ƒë·ªç k√®o tay to c√πng t√†i nƒÉng tr·∫ª IG Wen v√† c√°i k·∫øt,2023-11-16 09:00:54,4,0,503,483,12,0,6,2,0,0
777984850806118,"ƒê√¢y l√† l√Ω do Orianna c·ªßa Faker ƒëang c√≥ t·ª∑ l·ªá th·∫Øng l√™n ƒë·∫øn 80% t·∫°i CKTG 2023

Here‚Äôs why Faker‚Äôs Orianna is having a win rate of up to 80% at CKTG 2023",2023-11-16 07:01:33,88,9,3496,3163,299,5,23,4,1,1
777852554152681,Bi·∫øt anh Li√™m kh√¥ng? Li√™m n√†o? M·ªôt ƒê·ªùi Li√™m Khi·∫øt,2023-11-15 17:28:59,21,14,1721,1316,30,2,372,0,1,0
777836787487591,"WBG l√† ƒë·ªôi tung ƒë·ªìng xu th·∫Øng v√† ƒë√£ ch·ªçn ƒê·ªôi Xanh trong tr·∫≠n chung k·∫øt CKTG 2023.

#LCKVietNam #LCKWIN #WeMakeLegends #CKTG2023",2023-11-15 16:36:50,419,8,5337,4390,44,4,878,7,14,0
777816404156296,"Gumayusi ƒë√°nh gi√° cao Th·∫ßy Daeny nh∆∞ng cho r·∫±ng T1 v·∫´n l√† s·ªë 1 v·ªÅ kh·∫£ nƒÉng c·∫•m - ch·ªçn.

#LCKVietNam #LCKWIN #WeMakeLegends #CKTG2023",2023-11-15 15:42:33,121,10,3806,3191,559,12,38,3,2,1
777742044163732,"C√°c v·ªã t∆∞·ªõng c√≥ th·ªÉ ƒë∆∞·ª£c l·ª±a ch·ªçn l√†m trang ph·ª•c v√¥ ƒë·ªãch c·ªßa T1 v√† WBG. Tuy nhi√™n, trong tr·∫≠n chung k·∫øt n·∫øu s·ª≠ d·ª•ng nh·ªØng v·ªã t∆∞·ªõng kh√°c th√¨ tuy·ªÉn th·ªß ho√†n to√†n c√≥ th·ªÉ l·ª±a ch·ªçn l√†m trang ph·ª•c nh√† v√¥ ƒë·ªãch.

#LCKVietNam #LCKWIN #WeMakeLegends #CKTG2023",2023-11-15 11:57:11,487,9,2964,2446,57,4,449,3,5,0
776903724247564,"C·∫£m x√∫c nh·∫•t l√† BLV ti·∫øng H√†n, c√≤n BLV ti·∫øng Trung c√≥ l·∫Ω h∆°i th·∫•t v·ªçng",2023-11-14 17:00:34,180,106,8795,7479,1172,30,107,5,1,1
777202944217642,"Faker l√† tuy·ªÉn th·ªß LCK duy nh·∫•t ƒë∆∞·ª£c ƒë·ªÅ c·ª≠ danh hi·ªáu BEST ESPORTS ATHLETE t·∫°i The Game Awards 2023.

#LCKVietNam #LCKWIN #WeMakeLegends #CKTG2023",2023-11-14 11:37:19,179,21,5905,4726,1086,40,46,4,3,0
777172490887354,Faker v√† Ruler chi·∫øm tr·ªçn kho·∫£nh kh·∫Øc c·ªßa tu·∫ßn thi ƒë·∫•u v·ª´a qua.,2023-11-14 11:00:40,716,338,18263,15620,2402,81,114,25,20,1
776876637583606,"Caster Jun b·∫≠t kh√≥c, Faker tr·∫£ m√≥n n·ª£ cho Ruler, HLV Daeny th·ªü oxy ·ªü v√°n 5...",2023-11-14 06:50:07,131,40,6502,5742,194,7,541,12,5,1
776895317581738,"Keria 2022: Anh kh√¥ng ƒÉn m·ª´ng.
Keria 2023: Anh ƒë√£ ƒÉn m·ª´ng.

#LCKVietNam #LCKWIN #WeMakeLegends #CKTG2023",2023-11-13 20:18:36,69,5,2741,1845,169,5,718,2,2,0
776782844259652,"ƒê√¢y l√† l√Ω do Faker c√≥ s·ªë l∆∞·ª£ng fan h√¢m m·ªô nhi·ªÅu nh·∫•t Vi·ªát Nam

This is why Faker has the biggest fans in Vietnam",2023-11-13 15:04:23,264,136,10385,8436,1712,46,174,8,7,2
776718114266125,Ng∆∞·ªùi t·ªôi nh·∫•t l√∫c n√†y l√† Ruler khi b·ªã Faker & Gumayusi thay phi√™n nhau b·∫Øt l·∫ª ·ªü v√°n 3 v√† v√°n 4,2023-11-13 11:40:57,630,72,7248,5787,174,13,1256,10,6,2
776698124268124,"M·ªõi ƒë√≥ m√† ƒë√£ 6 nƒÉm r·ªìi üòÄüòÄ

#LCKVietNam #LCKWIN #WeMakeLegends #CKTG2023",2023-11-13 10:39:29,224,41,5246,3792,431,24,962,4,32,1
776506600953943,"Keria l√† best h·ªó tr·ª£ nh∆∞ng l·∫°i c√≥ ni·ªÅm ƒëam m√™ g√°nh team

Keria is the best supporting but has the passion to carry the team",2023-11-13 09:00:22,58,8,1329,1134,17,4,174,0,0,0
776496920954911,N·ª£ m·ªõi hay n·ª£ c≈© Faker tr·∫£ l·∫°i h·∫øt cho Ruler & JDG chung m·ªôt ng√†y,2023-11-13 06:50:44,368,44,6063,5132,137,9,777,3,5,0
776412447630025,C√°i k·∫øt ng·ªçt ng√†o cho Faker khi ƒë∆∞a T1 v√†o tr·∫≠n chung k·∫øt,2023-11-12 21:30:47,406,141,9671,7924,1539,43,152,6,7,0
776372697634000,Highlights: T1 3 - 1 JDG | B√°n k·∫øt 2 CKTG 2023,2023-11-12 19:40:57,122,35,2277,1880,351,12,33,0,1,0
776359320968671,Ph·ªèng v·∫•n Zeus & Oner b√°n k·∫øt CKTG 2023,2023-11-12 18:45:05,86,14,1709,1329,348,8,24,0,0,0
776353787635891,T1 vs JDG | Faker t·ªèa s√°ng ƒë∆∞a T1 v√†o tr·∫≠n chung k·∫øt #LCKVietNam #CKTG2023,2023-11-12 18:36:07,514,172,8709,7095,1226,54,329,3,2,0
776349904302946,"[B√ÅN K·∫æT CKTG 2023: T1 3-1 JDG]

JDG r·∫•t t·ªët nh∆∞ng T1 r·∫•t ti·∫øc. S·∫Ω kh√¥ng c√≥ c√∫ Grand Slam n√†o ·ªü m√πa gi·∫£i 2023 c·∫£ m√† ch·ªâ c√≥ m·ªôt T1 v√¥ c√πng m·∫°nh m·∫Ω v√† tr√†n ƒë·∫ßy kh√≠ th·ªÉ. Cup v·∫´n c√≤n nguy√™n t·∫°i H√†n Qu·ªëc!!!

#LCKVietNam #LCKWIN #WeMakeLegends #CKTG2023",2023-11-12 18:22:06,2700,1600,10503,6826,2524,74,1058,11,9,1
776336140970989,"T1 vs JDG | 2017 Ruler c√≥ pha R + Flash b·∫Øt Faker, nƒÉm nay Faker c√≥ pha Flash + R b·∫Øt Ruler #LCKVietNam #CKTG2023",2023-11-12 17:46:43,388,132,7617,6346,604,25,628,8,5,1
776331720971431,"[B√ÅN K·∫æT CKTG 2023: T1 2-1 JDG]

Hai kho·∫£nh kh·∫Øc G.O.A.T c·ªßa Faker ƒëem v·ªÅ th·∫Øng l·ª£i v√°n ƒë·∫•u b·∫£n l·ªÅ cho T111111111111111

#LCKVietNam #LCKWIN #WeMakeLegends #CKTG2023",2023-11-12 17:32:27,1000,186,6897,4958,1388,51,494,5,1,0
776318767639393,T1 vs JDG | 369 roll ra 999 v√† c√°i k·∫øt ƒë·∫Øng cho T1 #LCKVietNam #CKTG2023,2023-11-12 16:54:39,18,1,249,239,2,0,4,0,4,0
776314084306528,"[B√ÅN K·∫æT CKTG 2023: T1 1-1 JDG]

Trong m·ªôt v√°n ƒë·∫•u c√≥ m·∫°ng s·ªõm, Kanavi ƒë√£ t·∫°o ra v√¥ v√†n l·ª£i th·∫ø cho JDG. V·ªõi m·ªôt c√°nh tr√™n m·∫°nh m·∫Ω, JDG giao tranh √°p ƒë·∫£o T1 v√† c√¢n b·∫±ng t·ªâ s·ªë 1-1 trong lo·∫°t tr·∫≠n n√†y.

#LCKVietNam #LCKWIN #WeMakeLegends #CKTG2023",2023-11-12 16:40:01,336,27,1550,1263,18,5,119,2,141,2
776307354307201,T1 vs JDG | Faker ƒë√°nh Orianna kh√¥ng m·ªôt v·∫øt x∆∞·ªõc #LCKVietNam #CKTG2023,2023-11-12 16:22:51,0,1,805,776,27,1,1,0,0,0
776297937641476,T1 vs JDG | Kh√¥ng th·ªÉ ngƒÉn c·∫£n Zeus b·ªï n√°t ƒë·ªôi h√¨nh JDG #LCKVietNam #CKTG2023,2023-11-12 15:55:28,73,9,2139,1949,96,1,91,2,0,0
776293794308557,"[B√ÅN K·∫æT CKTG 2023: T1 1-0 JDG]

V√°n ƒë·∫•u tri·ªÉn khai chi·∫øn thu·∫≠t Pressing v√¥ c√πng m∆∞·ª£t m√† c·ªßa T1 khi khi·∫øn n·ª≠a tr√™n c·ªßa JDG ho√†n to√†n t√†ng h√¨nh. V√°n 1 v√¥ c√πng √°p ƒë·∫£o cho ni·ªÅm hy v·ªçng c·ªßa LCK.

#LCKVietNam #LCKWIN #WeMakeLegends #CKTG2023",2023-11-12 15:43:05,1200,199,6378,4547,1231,41,547,6,5,1
776260444311892,"Anh em s·∫µn s√†ng ch∆∞a n√†o!!

#LCKVietNam #LCKWIN #WeMakeLegends #CKTG2023",2023-11-12 14:01:15,182,39,3601,2837,711,21,31,0,1,0
776231260981477,Li·ªáu nay Faker s·∫Ω ƒëem Orianna ƒë·ªëi ƒë·∫ßu c√πng v·ªõi Knight khi c√≥ t·ª∑ l·ªá th·∫Øng l√™n ƒë·∫øn 75% v·ªõi KDA 3.9,2023-11-12 12:36:47,14,0,534,500,29,2,3,0,0,0
776013694336567,Trailer b√°n k·∫øt CKTG 2023: T1 vs JDG tr√™n n·ªÅn nh·∫°c T·∫•m L√≤ng Son,2023-11-12 10:30:06,222,121,3227,1993,189,8,1023,2,11,1
776006607670609,"M√≥n qu√† sinh nh·∫≠t √Ω nghƒ©a nh·∫•t trong s·ª± nghi·ªáp c·ªßa The Shy

The most meaningful birthday present of The Shy's career",2023-11-12 09:00:08,10,0,247,238,7,0,2,0,0,0
776147114323225,"15:00 NG√ÄY 12/11: B√ÅN K·∫æT T1 VS JDG

Ni·ªÅm hy v·ªçng cu·ªëi c√πng c·ªßa LCK s·∫Ω c√≥ cu·ªôc chi·∫øn kh√¥ng khoan nh∆∞·ª£ng v·ªõi JDG - ƒë·ªôi ƒë√£ th√¢u t√≥m 3/4 danh hi·ªáu qu·ªëc t·∫ø trong nƒÉm nay. C√πng c·ªï v≈© T1 n√†o m·ªçi ng∆∞·ªùi ∆°i.",2023-11-12 08:27:34,465,90,4510,3674,788,19,27,2,0,0
776008187670451,Top God tr·ªü l·∫°i v√† c√°i k·∫øt ƒë·∫Øng cho Bin,2023-11-12 07:00:25,13,0,245,240,1,0,3,0,1,0
775900697681200,"S·ª©c m·∫°nh t√¨nh b·∫°n c·ªßa WBG nƒÉm nay, kh√¥ng ƒë√πa ƒë∆∞·ª£c ƒë√¢u",2023-11-11 21:31:00,53,9,1033,934,12,0,86,1,0,0
775891717682098,Highlights: WBG 3 - 2 BLG | B√°n k·∫øt CKTG 2023,2023-11-11 20:01:35,39,3,486,457,5,0,23,0,1,0
775875587683711,"[B√ÅN K·∫æT CKTG 2023: WBG 3-2 BLG]

Ni·ªÅm tin c·ªßa HLV Daeny gi√†nh cho Light ƒë√£ ƒë√∫ng khi x·∫° th·ªß n√†y ƒë√£ to·∫£ s√°ng r·ª±c r·ª° ·ªü v√°n ƒë·∫•u quy·∫øt ƒë·ªãnh v√† ƒëem v·∫ø t·∫•m v√© v√†o tr·∫≠n chung k·∫øt cho WBG.

#LCKVietNam #LCKWIN #WeMakeLegends #CKTG2023",2023-11-11 19:16:18,691,58,3773,3104,122,8,521,8,10,0
775856524352284,"[B√ÅN K·∫æT CKTG 2023: WBG 2-2 BLG]

V·∫´n l√† c√°c l·ª±a ch·ªçn ƒë·ªÉ th·∫Øng ƒë∆∞·ªùng tri·ªát ƒë·ªÉ nh∆∞ng WBG ƒë√£ feed cho Aphelios c·ªßa Elk qu√° nhi·ªÅu khi·∫øn k·∫ø ho·∫°ch n√†y b·ªã ph√° s·∫£n ho√†n to√†n. Ch√∫ng ta s·∫Ω c√≥ v√°n 5 c·ªßa tr·∫≠n ƒë·∫•u B√°n K·∫øt ƒë·∫ßu ti√™n.

#LCKVietNam #LCKWIN #WeMakeLegends #CKTG2023",2023-11-11 18:20:50,136,7,923,776,5,1,131,6,4,0
775843144353622,"[B√ÅN K·∫æT CKTG 2023: WBG 2-1 BLG]

C√°ch t·ªët nh·∫•t ƒë·ªÉ ch·ªëng l·∫°i ƒë·ªôi h√¨nh 2 x·∫° th·ªß l√† l·ª±a ch·ªçn 3 x·∫° th·ªß. WBG v∆∞∆°n l√™n d·∫´n tr∆∞·ªõc v·ªõi m√†n tr√¨nh di·ªÖn kh·ªßng khi·∫øp c·ªßa Graves trong tay TheShy.

#LCKVietNam #LCKWIN #WeMakeLegends #CKTG2023",2023-11-11 17:39:55,125,4,1361,1114,37,0,206,3,0,1
775824127688857,"[B√ÅN K·∫æT CKTG 2023: WBG 1-1 BLG]

TheShy v·∫´n thi ƒë·∫•u t·ªët v√† th·∫Øng ƒë∆∞·ªùng nh∆∞ng ƒë·ªìng ƒë·ªôi c·ªßa anh l·∫°i kh√¥ng ƒë∆∞·ª£c nh∆∞ v·∫≠y. BLG sau m·ªôt v√°n ƒë·∫•u b·ªã hu·ª∑ di·ªát ƒë√£ tr·ªü l·∫°i r·∫•t m·∫°nh m·∫Ω v√† c√¢n b·∫±ng t·ªâ s·ªë 1-1 trong lo·∫°t tr·∫≠n bo5 n√†y.

#LCKVietNam #LCKWIN #WeMakeLegends #CKTG2023",2023-11-11 16:43:09,102,10,919,813,5,1,99,0,1,0
775807221023881,WBG vs BLG | Top God tr·ªü l·∫°i v√† c·∫ßm Rumble s·∫•y kh√¥ c·∫£ ƒë·ªôi h√¨nh BLG #CKTG2023,2023-11-11 15:48:01,10,1,257,252,2,0,3,0,0,0
775807071023896,"[B√ÅN K·∫æT CKTG 2023: WBG 1-0 BLG]

Pha di chuy·ªÉn kh√¥ng t·ªët ·ªü c·∫•p ƒë·ªô 1 c≈©ng kh√¥ng khi·∫øn WBG g·∫∑p kh√≥ khƒÉn ·ªü v√°n ƒë·∫•u ƒë·∫ßu ti√™n. M√†n tr√¨nh di·ªÖn out tr√¨nh c·ªßa TheShy ·ªü ƒë∆∞·ªùng tr√™n v√† WBG c√≥ th·∫Øng l·ª£i trong v√°n ƒë·∫•u m·ªü m√†n.

#LCKVietNam #LCKWIN #WeMakeLegends #CKTG2023",2023-11-11 15:47:19,201,14,1714,1427,20,3,257,6,1,0
775690274368909,Faker ƒë·ªç k√®o tay to c√πng Knight v√† c√°i k·∫øt,2023-11-11 11:00:28,88,11,2459,2260,172,6,19,2,0,0
775418904396046,Li·ªáu Bin s·∫Ω ƒë√°nh b·∫°i The Shy ƒë·ªÉ c√≥ l·∫ßn th·ª© 2 ghi t√™n m√¨nh v√†o tr·∫≠n chung k·∫øt,2023-11-11 09:24:33,18,3,368,360,3,0,5,0,0,0
775412811063322,"Kh√¥ng ph·∫£i t·ª± nhi√™n The Shy ƒë∆∞·ª£c fan h√¢m m·ªô g·ªçi l√† Top God

It's not natural that The Shy is called Top God by fans",2023-11-11 07:00:14,23,6,462,455,4,0,3,0,0,0
775360914401845,C√°i k·∫øt ƒë·∫Øng cho team b·∫°n khi ƒë·ª•ng ph·∫£i Renekton trong tay Morgan,2023-11-10 17:16:54,54,2,800,644,5,2,142,7,0,0
775325381072065,S·∫Ω ra sao khi Faker ƒë·ªëi ƒë·∫ßu c√πng one champ Vladimir,2023-11-10 15:21:02,6,0,363,325,33,1,3,0,0,1
775291697742100,Combo Varus + Ashe s√°t l·ª±c m·∫°nh th·∫ø n√†o? Khi·∫øn ad team b·∫°n th·ªü oxy li√™n t·ª•c,2023-11-10 13:28:25,14,1,347,331,12,0,2,0,1,1
775013824436554,Keria 10 ƒëi·ªÉm kh√¥ng c√≥ nh∆∞ng,2023-11-10 07:00:10,78,17,2680,2297,355,10,13,1,3,1
774924541112149,Trick ƒë·∫∑t 2 b·∫´y Yordle trong tr·ª• c·ªßa Elk khi·∫øn ƒë·ªëi th·ªß ƒë·ª©ng im ch·ªù ch.·∫øt #LCKVietNam #CKTG2023,2023-11-09 20:30:54,19,1,357,352,2,0,3,0,0,0
774843637786906,V·ªã t∆∞·ªõng 200 nƒÉm K'sante c≈©ng m·∫°nh ƒë·∫•y nh∆∞ng Gnar c·ªßa Morgan lo ƒë∆∞·ª£c,2023-11-09 18:45:48,47,5,1130,934,12,1,180,2,1,0
774834177787852,ƒê√¢y l√† l√Ω do Xayah ƒëang l√† v·ªã t∆∞·ªõng hot pick t·∫°i rank H√†n v√† CKTG 2023,2023-11-09 17:03:16,15,2,822,738,78,1,2,1,2,0
774848017786468,"3 th√†nh vi√™n c·ªßa T1 ƒë·ªÅu ƒë√£ l·ªçt top KDA sau chi·∫øn th·∫Øng hu·ª∑ di·ªát tr∆∞·ªõc LNG t·∫°i V√≤ng T·ª© K·∫øt CKTG 2023.

*Th√¥ng s·ªë t√≠nh t·ª´ khi b·∫Øt ƒë·∫ßu CKTG.

#LCKVietNam #LCKWIN #WeMakeLegends #CKTG2023",2023-11-09 16:54:23,138,5,3066,2605,394,13,48,6,0,0
774809657790304,Morgan ƒë·ªç k√®o tay to c√πng Zeus t·∫°i rank H√†n v√† c√°i k·∫øt,2023-11-09 14:48:47,222,17,2463,1898,15,3,533,8,5,1
774780817793188,"Nh·ªØng pha x·ª≠ l√Ω ƒë·ªânh cao, combat c·ª±c cƒÉng ƒë·∫øn t·ª´ c√°c tuy·ªÉn th·ªß h√†ng ƒë·∫ßu th·∫ø gi·ªõi",2023-11-09 13:02:04,5,0,113,110,1,0,2,0,0,0
774557997815470,Qu·ª∑ V∆∞∆°ng Faker k·∫ª h·ªßy di·ªát LPL,2023-11-09 07:00:23,49,11,824,670,84,2,66,1,1,0
774361817835088,Ng√†y ·∫•y Qu·ª∑ V∆∞∆°ng Faker h·ªìi xu√¢n v√† c√°i k·∫øt ƒë·∫Øng cho JDG,2023-11-08 16:58:34,77,8,1200,1060,122,7,11,0,0,0
774330811171522,Xayah trong tay Gumayusi m·∫°nh nh∆∞ th·∫ø n√†o t·∫°i phi√™n b·∫£n 13.21?,2023-11-08 15:10:05,34,5,1070,953,113,1,3,0,0,0
774339171170686,"Faker trong c√°c cu·ªôc chi·∫øn bo5 v·ªõi khu v·ª±c LPL t·∫°i CKTG:

2013: 3-0 vs RYL
2016: 3-1 vs RNG
2017: 3-2 vs RNG
2022: 3-0 vs RNG
2022: 3-1 vs JDG
2023: 3-0 vs LNG

B·∫§T B·∫†I.

#LCKVietNam #LCKWIN #WeMakeLegends #CKTG2023",2023-11-08 14:42:20,434,25,4242,3481,676,17,64,3,1,0
774314664506470,L·ªëi l√™n ƒë·ªì Aatrox s√°t l·ª±c trong tay Zeus m·∫°nh th·∫ø n√†o?,2023-11-08 13:12:22,32,2,736,709,17,3,5,0,2,0
774071281197475,Li√™n minh Aatrox t·∫°i t·ª© k·∫øt CKTG 2023 | 8 v√°n ƒë·∫•u 7 v√°n th·∫Øng v√† 1 v√°n thua,2023-11-08 07:00:10,101,3,1291,1240,25,3,23,0,0,0
773886204549316,"JDG ch·ªçn ƒë·ªôi ƒë·ªè (ƒë·ªôi 2) t·∫°i tr·∫≠n B√°n K·∫øt v·ªõi T1 sau khi tung ƒë·ªìng xu th·∫Øng.

#LCKVietNam #LCKWIN #WeMakeLegends #CKTG2023",2023-11-07 15:13:59,539,15,4624,3724,58,6,818,10,8,0
773812617890008,Top 1 s·∫Ω kh√¥ng l√†m anh em th·∫•t v·ªçng,2023-11-07 11:42:59,192,138,14065,12896,1010,30,100,17,12,0
773788061225797,"V·∫´n l√† Sunday T1 plays üî•üî•

H√£y s·∫µn s√†ng cho tr·∫≠n ƒë·∫•u gi·ªØa hai ƒë·ªôi tuy·ªÉn ƒëang c√≥ phong ƒë·ªô cao nh·∫•t t·∫°i CKTG 2023 v√† c·ªë v≈© cho T1 n√†o!!

#LCKVietNam #LCKWIN #WeMakeLegends #CKTG2023",2023-11-07 10:57:15,476,57,6126,4985,1057,27,51,3,3,0
773447494593187,"L·ªÖ khai m·∫°c c·ªßa tr·∫≠n chung k·∫øt c·ªßa CKTG 2023 s·∫Ω l√† l·∫ßn ƒë·∫ßu ti√™n ng∆∞·ªùi h√¢m m·ªô ƒë∆∞·ª£c th∆∞·ªüng th·ª©c tr·ª±c ti·∫øp 2 si√™u ph·∫©m √¢m nh·∫°c c·ªßa Riot Games:
- GODS ƒë∆∞·ª£c tr√¨nh di·ªÖn b·ªüi NewJeans.
- Paranoia ƒë∆∞·ª£c tr√¨nh di·ªÖn b·ªüi Heartsteel (BaekHyun, Cal Scruby, √òZI v√† Tobi Lou).

#LCKVietNam #LCKWIN #WeMakeLegends #CKTG2023",2023-11-06 19:59:38,51,14,1154,984,155,6,5,3,1,0
773409191263684,"Gumayusi c√≥ chu·ªói 9 tr·∫≠n th·∫Øng v√† Caitlyn c√≥ t·ª∑ l·ªá th·∫Øng l√™n ƒë·∫øn 64%

Gumayusi has a 9 game winning streak and Caitlyn has a win rate of 64%",2023-11-06 18:14:54,67,4,910,775,123,3,6,2,1,0
773381607933109,Qu·ª∑ V∆∞∆°ng ti·∫øp t·ª•c tryhard rank H√†n ƒë·ªÉ chu·∫©n b·ªã ƒë·ª•ng ƒë·ªô JDG,2023-11-06 16:47:58,172,4,2035,1782,47,3,202,1,0,0
773344097936860,2 tr√πm cu·ªëi s·∫Ω kh√¥ng l√†m anh em th·∫•t v·ªçng,2023-11-06 14:45:54,38,3,680,571,10,2,96,1,0,0
773338551270748,"Gumayusi g·ª≠i l·ªùi th√°ch th·ª©c t·ªõi Ruler v√† h·∫πn lu√¥n ng∆∞·ªùi h√¢m m·ªô t·∫°i tr·∫≠n chung k·∫øt ·ªü Seoul.

#LCKVietNam #LCKWIN #WeMakeLegends #CKTG2023",2023-11-06 14:25:59,496,47,7734,5853,643,34,1181,11,12,0
773320787939191,Song s√°t Gumayusi + Keria c√≥ m√†n tr√¨nh di·ªÖn 10/10 ƒëi·ªÉm trong c·∫∑p Bo5 v·ªõi LNG #CKTG2023,2023-11-06 13:26:22,219,15,3104,2875,196,7,19,6,1,0
773065941298009,Keria c√≥ l·∫ßn ƒë·∫ßu ƒëem Ashe ƒëi h·ªó tr·ª£ t·∫°i CKTG v√† c√°i k·∫øt,2023-11-06 11:00:10,36,0,1035,996,18,5,16,0,0,0
773255984612338,"LNG Scout th·ªÉ hi·ªán s·ª± t√¥n tr·ªçng l·ªõn cho ng∆∞·ªùi ƒë√†n anh Faker sau tr·∫≠n ƒë·∫•u gi·ªØa LNG - T1.

#LCKVietNam #LCKWIN #WeMakeLegends #CKTG2023",2023-11-06 09:37:57,181,13,6005,4998,923,29,48,3,4,0
773061271298476,Zeus kh√¥ng cho Gala ch∆°i game v√† c√°i k·∫øt ƒë·∫Øng cho LNG,2023-11-06 09:00:09,96,5,1375,1024,20,3,323,3,2,0
773087734629163,Oner c·∫ßm Poppy solokill Tarzan v√† c√°i k·∫øt nh·∫≠n lu√¥n MVP tr·∫≠n ƒë·∫•u,2023-11-06 07:01:19,320,32,5965,5052,135,12,748,10,8,0
773004297970840,"Ba ƒëi·ªÅu m√† ng∆∞·ªùi h√¢m m·ªô s·∫Ω nh·ªõ m√£i v·ªÅ CKTG 2023 di·ªÖn ra t·∫°i H√†n Qu·ªëc:
ü´∞ B√†n tay v√†ng c·ªßa anh tr·ªçng t√†i.
‚ù§ S·ª± xinh ƒë·∫πp c·ªßa MC.
üî• M√†n tr√¨nh di·ªÖn tuy·ªát v·ªùi c·ªßa T1.

#LCKVietNam #LCKWIN #WeMakeLegends #CKTG2023",2023-11-05 20:59:13,248,21,8088,6328,784,32,940,3,1,0
772946881309915,"Ng·∫°o ngh·ªÖ T1, g·ªìng g√°nh c·∫£ khu v·ª±c LCK tr√™n ƒë√¥i vai",2023-11-05 19:30:47,278,35,3734,2909,261,13,545,3,2,1
772938634644073,Full Highlights: T1 3 - 0 LNG | V√≤ng t·ª© k·∫øt CKTG 2023,2023-11-05 17:59:33,194,30,1493,1239,221,6,25,0,2,0
772931081311495,T1 vs LNG | M√†n ƒÉn m·ª´ng c·ª±c ch√°y c·ªßa fan T1 t·∫°i Viewing party #CKTG2023,2023-11-05 17:32:49,230,19,3945,3529,359,8,49,0,0,0
772925611312042,"3h ƒë√°nh 5h17 ph·ªèng v·∫•n cho T1 c·ªßa LCK üî•üî•

#LCKVietNam #LCKWIN #WeMakeLegends #CKTG2023",2023-11-05 17:18:06,1700,354,10626,7381,1207,52,1970,7,7,2
772913624646574,T1 vs LNG | T1 l∆∞·ªùm rau g·∫Øp th·ªãt ·ªü hang r·ªìng 5 v√† c√°i k·∫øt ƒë·∫Øng cho LNG #CKTG2023,2023-11-05 16:39:19,111,13,1812,1646,144,4,16,2,0,0
772910971313506,"[T·ª® K·∫æT CKTG 2023: LNG 0-2 T1]

Ch·ªâ c·∫ßn 2 pha giao tranh, T1 ƒë√£ d·ª©t ƒëi·ªÉm LNG r·∫•t g·ªçn g√†ng ·ªü v√°n ƒë·∫•u th·ª© 2. üî•üî•

#LCKVietNam #LCKWIN #WeMakeLegends #CKTG2023",2023-11-05 16:31:40,1000,117,6245,4655,850,35,695,8,2,0
772896261314977,T1 vs LNG | Zeus m·ªôt m√¨nh b·∫Øt l·∫ª 3 th√†nh vi√™n LNG v√† c√°i k·∫øt #CKTG2023,2023-11-05 15:46:48,203,32,2738,2226,118,4,387,2,0,1
772894601315143,"[T·ª® K·∫æT CKTG 2023: LNG 0-1 T1]

V√°n ƒë·∫•u qu√° d·ªÖ d√†ng cho T1 üî•üî•

#LCKVietNam #LCKWIN #WeMakeLegends #CKTG2023",2023-11-05 15:41:08,966,82,4820,3576,634,32,571,4,3,0
772832717987998,Faker l√†m n√≥ng tay b·∫±ng con b√†i Akali tr∆∞·ªõc th·ªÅm ƒë·∫°i chi·∫øn c√πng LNG,2023-11-05 12:25:17,46,2,727,628,13,2,84,0,0,0
772800404657896,Li·ªáu T1 s·∫Ω h·∫° g·ª•c ƒë∆∞·ª£c LNG ƒë·ªÉ n√≠u gi·ªØ hy v·ªçng cu·ªëi c√πng cho khu v·ª±c LCK?,2023-11-05 11:30:49,47,6,736,649,72,1,13,1,0,0
772555164682420,Ch·ªâ c·∫ßn cho Ruler m·ªôt kho·∫£ng tr·ªëng th√¨ anh ·∫•y s·∫Ω san b·∫±ng t·∫•t c·∫£,2023-11-05 10:22:17,158,2,552,507,27,2,15,0,1,0
772554081349195,"Ni·ªÅm hy v·ªçng cu·ªëi c√πng ra qu√¢n. Anh em LCK ƒë·ªìng l√≤ng c·ªï v≈© cho T1 n√†o!!

#LCKVietNam #LCKWIN #WeMakeLegends #CKTG2023",2023-11-05 10:00:08,443,55,3389,2735,599,17,36,2,0,0
772544628016807,Faker ti·∫øp t·ª•c tryhard rank H√†n ƒë·ªÉ chu·∫©n b·ªã cho tr·∫≠n ƒë·∫•u v·ªõi LNG,2023-11-05 09:00:59,85,7,1526,1364,142,7,10,2,1,0
772519008019369,Ruler th·∫≥ng th·ª´ng t·ª´ ch·ªëi khi fan KT n√≥i mu·ªën c√≥ v√°n 5!,2023-11-05 07:00:21,66,4,391,365,19,0,7,0,0,0
772533668017903,Gumayusi t√≠ch c·ª±c tryhard rank H√†n ƒë·ªÉ chu·∫©n b·ªã cho tr·∫≠n g·∫∑p LNG,2023-11-04 22:06:56,61,4,913,770,131,9,3,0,0,0
772507254687211,"KT Rolster ƒë√£ c√≥ m·ªôt gi·∫£i ƒë·∫•u v√¥ c√πng kh√≥ khƒÉn v√† h·ªç c≈©ng ƒë√£ c√≥ th·ªÉ t·ª± h√†o v·ªõi nh·ªØng g√¨ m√¨nh ƒë·∫°t ƒë∆∞·ª£c. Li·ªáu ƒë·ªôi h√¨nh n√†y c·ªßa KT s·∫Ω c√≥ th√™m m·ªôt nƒÉm ho√†n thi·ªán ƒë·ªÉ c·∫°nh tranh ch·ª©c v√¥ ƒë·ªãch v√† s·∫Ω l·∫°i l√† m·ªôt cu·ªôc thay m√°u l·ªõn ƒë√¢y.

#LCKVietNam #LCKWIN #WeMakeLegends #CKTG2023",2023-11-04 21:30:04,142,8,1137,988,130,7,5,1,6,0
772474684690468,T√≥m t·∫Øt ƒë·∫°i chi·∫øn JDG vs KT trong 10 ph√∫t | Ruler bi·∫øn s√¢n nh√† KT th√†nh th∆∞ vi·ªán,2023-11-04 20:40:02,3,1,112,100,2,0,10,0,0,0
772501601354443,"T1 - ƒë·ªôi tuy·ªÉn ch∆∞a t·ª´ng th·∫•t b·∫°i tr∆∞·ªõc ƒë·∫°i di·ªán c·ªßa LPL t·∫°i c√°c m√πa CKTG s·∫Ω l√† ni·ªÅm hy v·ªçng cu·ªëi c√πng c·ªßa khu v·ª±c LCK ·ªü CKTG 2023.

#LCKVietNam #LCKWIN #WeMakeLegends #CKTG2023",2023-11-04 19:54:54,460,49,3795,2943,371,28,440,4,9,0
772469128024357,Highlights: JDG 3 - 1 KT | V√≤ng t·ª© k·∫øt CKTG 2023,2023-11-04 18:48:20,23,2,184,176,3,0,5,0,0,0
772460881358515,"Si√™u x·∫° th·ªß Ruler l√™n ti·∫øng, b·∫Øn n√°t ƒë·ªôi h√¨nh KT #CKTG2023",2023-11-04 18:16:30,276,19,1312,1273,18,0,19,1,1,0
772458584692078,"[T·ª® K·∫æT CKTG 2023: JDG 3-1 KT]

Ch·ªâ m·ªôt sai l·∫ßm th√¥i, KT ƒë√£ ƒë√°nh m·∫•t c·∫£ v√°n ƒë·∫•u. JDG l√† ƒë·∫°i di·ªán th·ª© 3 c·ªßa LPL g√≥p m·∫∑t trong v√≤ng B√°n K·∫øt c·ªßa CKTG.

#LCKVietNam #LCKWIN #WeMakeLegends #CKTG2023",2023-11-04 18:09:24,1000,76,2917,2428,29,5,386,7,61,1
772443514693585,KT vs JDG | Kh√¥ng th·ªÉ ngƒÉn c·∫£n Ruler & Knight nghi·ªÅn n√°t ƒë·ªôi h√¨nh KT #CKTG2023,2023-11-04 17:26:17,8,1,218,205,1,0,11,1,0,0
772441548027115,"[T·ª® K·∫æT CKTG 2023: JDG 2-1 KT]

KT Rolster b·∫•t l·ª±c tr∆∞·ªõc ƒë·ªôi h√¨nh bƒÉng v√†o c·ª±c m·∫°nh c·ªßa JDG.

#LCKVietNam #LCKWIN #WeMakeLegends #CKTG2023",2023-11-04 17:19:11,222,10,1148,1012,6,0,115,2,13,0
772428894695047,KT vs JDG | C∆°n th·ªãnh n·ªô mang t√™n JDG #LCKVietNam #CKTG2023,2023-11-04 16:39:23,21,3,370,357,3,0,9,0,0,1
772426194695317,"[T·ª® K·∫æT CKTG 2023: JDG 1-1 KT]

Khi Kanavi t·∫°o ƒë∆∞·ª£c s·ª± ·∫£nh h∆∞·ªüng t·ª´ s·ªõm, JDG ƒë√£ d·ªÖ ƒë√°nh h∆°n r·∫•t nhi·ªÅu v√† h·ªç d·ªÖ d√†ng hu·ª∑ di·ªát KT ·ªü v√°n ƒë·∫•u th·ª© 2.

#LCKVietNam #LCKWIN #WeMakeLegends #CKTG2023",2023-11-04 16:30:05,233,26,1238,1080,16,0,133,3,6,0
772413638029906,"KT vs JDG | Ship cho JDG b√¨nh oxi, ch·ª© KT ƒë√°nh th·∫ø n√†y sao m√† ch·ªãu n·ªïi #CKTG2023",2023-11-04 15:49:34,98,6,1038,941,10,1,84,1,1,0
772412051363398,"[T·ª® K·∫æT CKTG 2023: JDG 0-1 KT]

M√†n tr√¨nh di·ªÖn ƒë·∫ßy t√≠nh k·ªâ lu·∫≠t c·ªßa KT Rolster gi√∫p ƒë·∫°i di·ªán LCK v∆∞∆°n l√™n d·∫´n tr∆∞·ªõc trong tr·∫≠n T·ª© K·∫øt n√†y.

#LCKVietNam #LCKWIN #WeMakeLegends #CKTG2023",2023-11-04 15:44:56,1000,75,4293,3358,265,6,629,29,5,1
772372091367394,"NƒÉm ngo√°i c√≤n th√¢n nhau l·∫Øm, nƒÉm nay v·∫´n th√¢n nh∆∞ng m√† l√† ""th√¢n ai n·∫•y lo"". C√πng c·ªï v≈© cho KT Rolster chi·ªÅu nay nha m·ªçi ng∆∞·ªùi ü´∂

#LCKVietNam #LCKWIN #WeMakeLegends #CKTG2023",2023-11-04 13:28:31,142,5,1198,960,19,1,213,0,5,0
772355988035671,On c√≥ pha x·ª≠ l√Ω c·ª±c b√¨nh tƒ©nh ƒÉn l√≠nh l√™n lv6 c·ª©u Elk tho√°t ch.·∫øt #CKTG2023,2023-11-04 12:30:15,260,21,9746,9605,56,8,54,21,0,2
772065848064685,"C√πng ch·ªù ƒë·ª£i m√†n th·ªÉ hi·ªán c·ªßa KT Rolster trong l·∫ßn quay tr·ªü l·∫°i CKTG 2023 n√†o ü§úü§õ

#LCKVietNam #LCKWIN #WeMakeLegends #CKTG2023",2023-11-04 10:00:10,342,14,2294,2072,180,4,33,3,2,0
772042821400321,"GEN.G th·∫£ Jarvan cho Xun 5 v√°n v√† c√°i k·∫øt

GEN. G releases Jarvan for Xun 5 wickets and the end",2023-11-04 09:00:09,231,3,1044,914,10,0,117,0,3,0
772041344733802,"Doran m·∫Øc sai l·∫ßm ch√≠ m·∫°ng, trao c∆° h·ªôi ng√†n v√†ng cho BLG v√† c√°i k·∫øt",2023-11-04 07:00:53,360,9,1266,1072,3,1,186,2,2,0
772068508064419,"S·ª± th·∫•t v·ªçng c·ªßa c√°c th√†nh vi√™n GEN trong m·ªôt m√πa gi·∫£i h·ªç r·∫•t ƒë∆∞·ª£c k·ª≥ v·ªçng r·∫•t cao. Ngo·∫°i tr·ª´ Peyz, c√°c th√†nh vi√™n c√≤n l·∫°i trong ƒë·ªôi h√¨nh GEN, ban hu·∫•n luy·ªán l·∫´n ƒë·ªôi Global Academy ƒë·ªÅu s·∫Ω h·∫øt h·∫°n h·ª£p ƒë·ªìng trong nƒÉm 2023.

#LCKVietNam #LCKWIN #WeMakeLegends #CKTG2023",2023-11-03 21:55:41,1100,75,5710,4317,43,9,932,8,401,0
772024058068864,"BLG kh·∫Øng ƒë·ªãnh s·ª©c m·∫°nh seed 2 LPL, bi·∫øn s√¢n nh√† GEN.G th√†nh th∆∞ vi·ªán",2023-11-03 21:30:23,125,4,1084,958,8,0,112,0,6,0
772015274736409,Full Highlights: GEN 2 - 3 BLG | V√≤ng t·ª© k·∫øt CKTG 2023,2023-11-03 20:06:22,97,1,365,288,5,0,70,0,2,0
772003591404244,"[T·ª® K·∫æT CKTG 2023: GEN 2-3 BLG]

ƒê∆∞∆°ng kim v√¥ ƒë·ªãch LCK g·ª•c ng√£ t·∫°i T·ª© K·∫øt CKTG tr∆∞·ªõc seed 2 c·ªßa LPL - BLG.

#LCKVietNam #LCKWIN #WeMakeLegends #CKTG2023",2023-11-03 19:30:58,3100,199,6821,4623,89,18,1769,19,300,3
771985218072748,GEN vs BLG | Chovy d·ª©t ƒëi·ªÉm ƒë∆∞·ª£c Elk v√† ƒë√≥ l√† v√°n 5 ƒë·∫ßu ti√™n t·∫°i CKTG 2023 #LCKVietNam #CKTG2023,2023-11-03 18:46:21,99,2,776,735,10,2,28,1,0,0
771981668073103,"[T·ª® K·∫æT CKTG 2023: GEN 2-2 BLG]

Seed 1 c·ªßa LCK kh√¥ng ph·∫£i l√† d·∫°ng v·ª´a ƒë√¢u. Ti·∫øp ƒë√† th·∫Øng lu√¥n v√°n 5 n√†o!!

#LCKVietNam #LCKWIN #WeMakeLegends #CKTG2023",2023-11-03 18:38:23,600,39,2897,2309,137,3,428,10,10,0
771965138074756,"GEN vs BLG | Q1 t·ªët, Q2 tr√∫ng r√¨a, Q3 k·∫øt li·ªÖu ƒë·ªôi h√¨nh BLG #LCKVietNam #CKTG2023",2023-11-03 17:52:26,16,0,458,439,4,1,13,0,1,0
771961474741789,"[T·ª® K·∫æT CKTG 2023: GEN 1-2 BLG]

Doran v√† Peyz gi·ªØ l·∫°i tr·∫≠n bo5 n√†y cho GEN v·ªõi m√†n th·ªÉ hi·ªán qu√° xu·∫•t s·∫Øc!!

#LCKVietNam #LCKWIN #WeMakeLegends #CKTG2023",2023-11-03 17:41:04,338,30,1505,1248,31,4,216,1,5,0
771944448076825,"GEN vs BLG | Elk ƒë√°nh Xayah √°c qu√°, ƒë√°nh bay lu√¥n nh√† ch√≠nh GEN.G #CKTG2023 #LCKVietNam",2023-11-03 16:58:14,27,3,602,571,1,0,30,0,0,0
771938278077442,"[T·ª® K·∫æT CKTG 2023: GEN 0-2 BLG]

V√°n ƒë·∫•u qu√° √°p ƒë·∫£o c·ªßa BLG khi h·ªç to√†n di·ªát GEN ·ªü m·ªçi v·ªã tr√≠.

#LCKVietNam #LCKWIN #WeMakeLegends #CKTG2023",2023-11-03 16:34:56,1500,68,3203,2189,21,2,908,28,55,0
771924498078820,GEN vs BLG | Bin l√†m g·ªèi ƒë·ªôi h√¨nh GEN.G b·∫±ng con Aatrox th·∫ßn #CKTG2023,2023-11-03 15:56:38,99,4,658,605,2,0,49,1,0,1
771921038079166,"[T·ª® K·∫æT CKTG 2023: GEN 0-1 BLG]

Xun x·ª≠ l√Ω qu√° kh·ªßng khi·∫øp v·ªõi Jarvan IV v√† GEN ho√†n to√†n b·ªã hu·ª∑ di·ªát trong v√°n ƒë·∫•u ƒë·∫ßu ti√™n.

#LCKVietNam #LCKWIN #WeMakeLegends #CKTG2023",2023-11-03 15:47:45,854,27,2511,1843,29,2,605,10,22,0
771904591414144,"ƒê∆∞∆°ng kim v√¥ ƒë·ªãch LCK - Gen.G ƒë√£ s·∫µn s√†ng cho tr·∫≠n ƒë·∫•u T·ª© K·∫øt c·ªßa CKTG 2023.

#LCKVietNam #LCKWIN #WeMakeLegends #CKTG2023",2023-11-03 15:00:59,96,7,792,672,81,3,34,0,2,0
771888244749112,"WATCH PARTY CKTG T·∫†I H·ªÜ TH·ªêNG GAMEHOME

C√πng c·ªï v≈© cho ƒë·∫°i di·ªán c·ªßa LCK - GEN c√πng ""GEN Con"" Duy C√≤m TV t·∫°i Gamehome ngay th√¥i n√†o.

üé¨ H√† N·ªôi: GameHome L√°ng: 1174 ƒê∆∞·ªùng L√°ng - L√°ng Th∆∞·ª£ng - ƒê·ªëng ƒêa - H√† N·ªôi.
üé¨ TP.H·ªì Ch√≠ Minh: GameHome H√≤a H∆∞ng : 125/2 H√≤a H∆∞ng - P.12 - Q.10 - TP. HCM.

#LCKVietNam #LCKWIN #WeMakeLegends #CKTG2023",2023-11-03 14:07:20,12,0,198,171,9,0,18,0,0,0
771587434779193,Peyz ti·∫øp t·ª•c tryhard rank H√†n ƒë·ªÉ chu·∫©n b·ªã cho tr·∫≠n ƒë·∫•u g·∫∑p BLG v√†o chi·ªÅu nay,2023-11-03 10:40:04,23,0,329,308,12,0,8,1,0,0
771797014758235,"H·∫°t gi·ªëng s·ªë 1 c·ªßa LCK s·∫Ω ra qu√¢n ng√†y h√¥m nay v·ªõi ƒë·ªëi th·ªß s·∫Ω l√† c√°i t√™n quen thu·ªôc BLG. C·ªë l√™n n√†o GEN ü§úü§õ

#LCKVietNam #LCKWIN #WeMakeLegends #CKTG2023",2023-11-03 09:20:03,424,18,1877,1642,146,3,84,1,0,1
771548154783121,NA last hope v√† c√°i k·∫øt ƒë·∫Øng d√†nh cho NRG tr∆∞·ªõc WBG,2023-11-03 09:00:56,4,1,94,91,0,0,3,0,0,0
771543754783561,WBG ƒë·ªçc pha bƒÉng tr·ª• c·ªßa NRG d·ªÖ nh∆∞ ƒë·ªçc cu·ªën s√°ch,2023-11-03 07:00:59,19,1,344,299,3,0,42,0,0,0
771561634781773,"H·ªó tr·ª£ c·ªßa WBG khi ƒë∆∞·ª£c h·ªèi v·ªÅ s·ª©c m·∫°nh c·ªßa Peyz - Delight so v·ªõi Elk - ON. Ng√†y mai GEN s·∫Ω ch·∫°m tr√°n v·ªõi BLG v√†o l√∫c 15:00.

#LCKVietNam #LCKWIN #WeMakeLegends #CKTG2023",2023-11-02 21:44:47,56,2,683,661,14,0,8,0,0,0
771462724791664,"[T·ª® K·∫æT CKTG 2023: NRG 0-3 WBG]

NRG ho√†n to√†n v·ª° tr·∫≠n trong v√°n ƒë·∫•u th·ª© 3 khi h·ªç kh√¥ng c√≥ ch√∫t ph·∫£n kh√°ng n√†o tr∆∞·ªõc nh·ªØng pha gank ch√≠ m·∫°ng c·ªßa Weiwei. 24 ph√∫t, WBG c√≥ b√πa l·ª£i R·ªìng C√¥ng Ngh√™ c√πng Baron v√† h·ªç d·ªÖ d√†ng k·∫øt th√∫c v√°n ƒë·∫•u 3 ph√∫t sau ƒë√≥. V·ªõi th·∫Øng l·ª£i 3-0, WBG l√† ƒë·ªôi ƒë·∫ßu ti√™n c√≥ m·∫∑t t·∫°i v√≤ng ƒë·∫•u B√°n K·∫øt.

#LCKVietNam #LCKWIN #WeMakeLegends #CKTG2023",2023-11-02 17:33:39,171,13,1142,940,21,2,176,2,1,0
771446701459933,"[T·ª® K·∫æT CKTG 2023: NRG 0-2 WBG]

WBG ho√†n to√†n hu·ª∑ di·ªát NRG trong v√°n ƒë·∫•u th·ª© 2 v·ªõi s·ª± xu·∫•t s·∫Øc c·ªßa Light v√† The Shy.

#LCKVietNam #LCKWIN #WeMakeLegends #CKTG2023",2023-11-02 16:47:25,109,4,792,684,10,1,92,2,3,0
771430948128175,"[T·ª® K·∫æT CKTG 2023: NRG 0-1 WBG]

NRG ƒë√£ c√≥ m·ªôt kh·ªüi ƒë·∫ßu r·∫•t t·ªët v√† ƒë√°nh ho√†n to√†n s√≤ng ph·∫≥ng v·ªõi ƒë·ªëi th·ªß. Tuy nhi√™n, m·ªôt c√° s·∫•u c·ª±c xanh c√πng Senna g·∫ßn 200 h·ªìn c≈©ng l√† kh√¥ng ƒë·ªß ƒë·ªÉ ƒë·ªëi ch·ªçi v·ªõi Aphelios c·ªßa WBG. X·∫° th·ªß Light b·∫Øn r·∫•t tho·∫£i m√°i v√† gi√∫p cho WBG v∆∞∆°n l√™n d·∫´n tr∆∞·ªõc trong lo·∫°t tr·∫≠n bo5 n√†y.

#LCKVietNam #LCKWIN #WeMakeLegends #CKTG2023",2023-11-02 15:55:32,69,1,457,405,5,0,45,2,0,0
771376328133637,"Sau chu·ªói 10 tr·∫≠n thua, Gumayusi quy·∫øt ƒë·ªãnh ƒëem Caitlyn v√†o rank v√† c√°i k·∫øt",2023-11-02 13:05:41,3,4,356,308,37,0,11,0,0,0
771307774807159,"L·ªäCH THI ƒê·∫§U NG√ÄY 02/11 - V√íNG T·ª® K·∫æT

NRG v√† WBG s·∫Ω m·ªü m√†n cho lo·∫°t tr·∫≠n ƒë·∫•u bo5 h·ª©a h·∫πn v√¥ c√πng h·∫•p d·∫´n c·ªßa CKTG 2023.

#LCKVietNam #LCKWIN #WeMakeLegends #CKTG2023",2023-11-02 10:01:16,106,5,1085,1049,19,3,14,0,0,0
770884048182865,"Chovy c√πng GEN s·∫Ω ƒë√≥n nh·∫≠n th·ª≠ th√°ch ƒë·∫ßu ti√™n t·∫°i c√°c tr·∫≠n bo5 khi ch·∫°m tr√°n BLG v√†o ng√†y 03/11.

#LCKVietNam #LCKWIN #WeMakeLegends #CKTG2023",2023-11-01 13:57:51,293,8,2630,2374,206,6,37,3,4,0
770880618183208,S·∫µn s√†ng cho V√≤ng Lo·∫°i Tr·ª±c Ti·∫øp CKTG 2023,2023-11-01 13:45:59,71,3,6908,6649,214,13,24,6,2,0
770423368228933,T1 vs TL ƒë·ª©ng top 4 v·ªõi 1.668.613 l∆∞·ª£t xem c√πng l√∫c t·∫°i V√≤ng Th·ª•y Sƒ©,2023-10-31 15:40:00,14,2,363,349,10,1,3,0,0,0
770366044901332,G2 vs DK ƒë·ª©ng top 5 v·ªõi 1.661.831 l∆∞·ª£t xem c√πng l√∫c t·∫°i v√≤ng Th·ª•y Sƒ©,2023-10-31 14:00:52,14,2,504,471,1,1,30,1,0,0
770360498235220,5 pha x·ª≠ l√Ω ƒë·ªânh cao v√† top 1 s·∫Ω kh√¥ng l√†m b·∫°n th·∫•t v·ªçng,2023-10-31 12:03:34,30,7,718,704,6,0,6,2,0,0
770321464905790,"C∆° h·ªôi ƒë·ªÉ 3 ƒë·ªôi tuy·ªÉn LCK c√πng c√≥ m·∫∑t t·∫°i v√≤ng ƒë·∫•u B√°n K·∫øt v·∫´n c√≤n nguy√™n. H√£y c√πng c·ªï v≈© cho GEN, T1 v√† KT ƒë·ªÉ LCK c√≥ th·ªÉ b·∫£o v·ªá ch·ª©c v√¥ ƒë·ªãch c·ªßa m√¨nh t·∫°i CKTG ü§úü§õ

#LCKVietNam #LCKWIN #WeMakeLegends #CKTG2023",2023-10-31 09:59:16,253,5,1731,1540,167,6,16,0,2,0
770063194931617,M·ª´ng ng√†y vui c·ªßa ch√∫ r·ªÉ VƒÉn T√πng v√† c√¥ d√¢u Qu·ª≥nh Mai. Ch√∫c hai b·∫°n trƒÉm nƒÉm h·∫°nh ph√∫c ‚ù§‚ù§,2023-10-30 20:49:58,181,57,15970,12025,3671,120,139,10,4,1
769917711612832,"Zeus & Bin thay phi√™n nhau solokill, Caps d√πng trick bi·∫øn th√†nh xe tank tr·ª•...",2023-10-30 15:02:47,24,0,598,525,9,0,63,0,1,0
769878168283453,Pha x·ª≠ l√Ω 500 IQ ƒë·∫øn t·ª´ v·ªã tr√≠ Soobin Ho√†ng Caps,2023-10-30 12:01:41,200,21,4416,3465,21,4,666,252,8,0
769860428285227,"Showmaker - Canyon c√°n m·ªëc 100 tr·∫≠n ƒë·∫•u c√πng nhau t·∫°i c√°c gi·∫£i ƒë·∫•u qu·ªëc t·∫ø. ƒê√°ng ti·∫øc l√† h·ªç kh√¥ng th·ªÉ ti·∫øn xa h∆°n trong nƒÉm nay khi Dplus KIA ƒë√£ b·ªã KT Rolster lo·∫°i kh·ªèi CKTG 2023.

#LCKVietNam #LCKWIN #WeMakeLegends #CKTG2023",2023-10-30 11:04:26,103,2,1005,950,15,2,20,0,18,0
769451031659500,Pha ƒÉn Baron tai h·∫°n nh·∫•t m√πa gi·∫£i c·ªßa DK v√† m√†n 4 vs 5 ƒë·∫≥ng c·∫•p c·ªßa KT,2023-10-30 09:00:27,37,2,435,399,4,0,32,0,0,0
769452531659350,Th√†nh c≈©ng t·∫°i Aiming m√† b·∫°i c≈©ng t·∫°i Aiming,2023-10-30 07:00:10,48,2,1013,879,11,1,120,1,1,0
769522198319050,Full highlights: G2 1 - 2 BLG | V√≤ng Th·ª•y Sƒ© CKTG 2023,2023-10-29 21:01:12,8,0,84,82,2,0,0,0,0,0
769528031651800,"Top 2 ng∆∞·ªùi fan LCK tin t∆∞·ªüng nh·∫•t:
üëç Anh Li√™m - Shin Sung-bo.
‚ù§ Ng√†i Beryl - Cho Geon-hee.

#LCKVietNam #LCKWIN #WeMakeLegends #CKTG2023",2023-10-29 20:30:02,70,11,1975,1235,41,2,683,2,12,0
769509628320307,C·∫≠n c·∫£nh Ng√†i BeryL b·ªëc thƒÉm v√≤ng t·ª© k·∫øt CKTG 2023,2023-10-29 18:58:32,184,12,1958,1523,10,1,416,4,4,0
769507028320567,"4 c·∫∑p ƒë·∫•u T·ª© K·∫øt c·ªßa CKTG 2023 ƒë√£ ƒë∆∞·ª£c x√°c ƒë·ªãnh. H·∫πn anh em v√†o th·ª© 5 ng√†y 02/11 üòÄüòÄ

#LCKVietNam #LCKWIN #WeMakeLegends #CKTG2023",2023-10-29 18:45:46,679,44,2360,1953,35,3,349,5,15,0
769504701654133,"KT Rolster 1 ƒë·ªùi li√™m khi·∫øt ch·ªëng l·∫°i c√°c ƒë·ªôi LCK v√† LPL ü•π

#LCKVietNam #LCKWIN #WeMakeLegends #CKTG2023",2023-10-29 18:39:53,799,50,6151,3522,19,8,2492,8,101,1
769496271654976,"[TH·ªÇ TH·ª®C TH·ª§Y Sƒ® (2-2) - CKTG 2023: G2 1-2 BLG]

M·ªôt k·∫øt qu·∫£ khi·∫øn ch√¢u √Çu s·∫°ch b√≥ng t·∫°i CKTG nƒÉm nay. C√≤n ph√≠a LPL, h·ªç s·∫Ω c√≥ ƒë·ªß 4 ƒë·ªôi tuy·ªÉn t·∫°i v√≤ng T·ª© K·∫øt.

#LCKVietNam #LCKWIN #WeMakeLegends #CKTG2023",2023-10-29 18:19:35,85,4,944,798,5,1,108,0,32,0
769479571656646,"[TH·ªÇ TH·ª®C TH·ª§Y Sƒ® (2-2) - CKTG 2023: G2 1-1 BLG]

V√°n ƒë·∫•u v√¥ c√πng c·∫£m x√∫c c·ªßa G2 khi ƒë√£ c√≥ th·ªùi ƒëi·ªÉm ai c≈©ng nghƒ© h·ªç s·∫Ω ph·∫£i chia tay CKTG nh∆∞ng kh√¥ng, h·ªç ƒë√£ b·∫•m h·∫øt c√°c n√∫t R c·ªßa m√¨nh v√†o Elk ƒë·ªÉ c√≥ ƒë∆∞·ª£c th·∫Øng l·ª£i trong v√°n 2.

#LCKVietNam #LCKWIN #WeMakeLegends #CKTG2023",2023-10-29 17:30:04,177,11,1261,988,18,5,247,1,2,0
769458058325464,"[TH·ªÇ TH·ª®C TH·ª§Y Sƒ® (2-2) - CKTG 2023: G2 0-1 BLG]

ƒê·ªôi h√¨nh t·ªß v·ªõi Kog'Maw x·∫° th·ªß c·ªßa G2 b·ªã v√¥ hi·ªáu ho√° ho√†n to√†n khi ph·∫£i ƒë·ªëi ƒë·∫ßu v·ªõi Jax c·ªßa Bin hay Sejuani c·ªßa Xun.

#LCKVietNam #LCKWIN #WeMakeLegends #CKTG2023",2023-10-29 16:25:47,40,0,422,377,0,1,44,0,0,0
769448224993114,Full highlights: WBG 2 - 1 FNC | V√≤ng Th·ª•y Sƒ© CKTG 2023,2023-10-29 15:58:56,7,0,117,114,1,0,2,0,0,0
769438024994134,"[TH·ªÇ TH·ª®C TH·ª§Y Sƒ® (2-2) - CKTG 2023: FNC 1-2 WBG]

L·ª±a ch·ªçn Caitlyn - Lux qu√° h·ª£p l√Ω gi√∫p cho WBG t·∫°o ra m·ªôt th·∫ø tr·∫≠n lƒÉn c·∫ßu tuy·∫øt ho√†n h·∫£o trong v√°n ƒë·∫•u th·ª© 3. Ch·ªâ sau 23 ph√∫t thi ƒë·∫•u, WBG ƒë√£ c√≥ th·∫Øng l·ª£i trong v√°n 3 qua ƒë√≥ gi√†nh l·∫•y t·∫•m v√© v√†o v√≤ng T·ª© K·∫øt.

#LCKVietNam #LCKWIN #WeMakeLegends #CKTG2023",2023-10-29 15:24:19,61,6,772,660,11,1,98,2,0,0
769424191662184,"[TH·ªÇ TH·ª®C TH·ª§Y Sƒ® (2-2) - CKTG 2023: FNC 1-1 WBG]

T√¢m l√Ω h∆∞ng ph·∫•n sau v√°n 1 ƒë√£ khi·∫øn FNC ƒë√°nh r·∫•t bay trong th·ªùi ƒëi·ªÉm ƒë·∫ßu v√°n 2. Tuy nhi√™n, ch·ªâ m·ªôt giao tranh Baron sai l·∫ßm, h·ªç ƒë√£ m·∫•t ƒëi c√°c l·ª£i th·∫ø v√† ƒë·ªôi h√¨nh ƒë√°nh s·ªõm c·ªßa FNC ƒë√£ kh√¥ng th·ªÉ ƒë∆∞∆°ng c·ª± l·∫°i ƒë·ªôi h√¨nh m·∫°nh v·ªÅ sau c·ªßa WBG.

#LCKVietNam #LCKWIN #WeMakeLegends #CKTG2023",2023-10-29 14:42:16,28,0,396,382,7,0,6,0,1,0
769406731663930,"[TH·ªÇ TH·ª®C TH·ª§Y Sƒ® (2-2) - CKTG 2023: FNC 1-0 WBG]

V√°n ƒë·∫•u r·∫•t th·∫£m ho·∫° c·ªßa WBG khi h·ªç x·ª≠ l√Ω kƒ© nƒÉng c≈©ng nh∆∞ di chuy·ªÉn v√¥ c√πng t·ªá. V·ªÅ ph√≠a FNC, h·ªç ƒë√£ t·∫≠n d·ª•ng vi·ªác Aphelios xanh s·ªõm ƒë·ªÉ ƒë·∫©y WBG v√†o th·∫ø ph√≤ng th·ªß v√† k·∫øt th√∫c v√°n 1 sau ch∆∞a ƒë·∫ßy 30 ph√∫t.

#LCKVietNam #LCKWIN #WeMakeLegends #CKTG2023",2023-10-29 13:47:15,123,3,987,768,5,0,208,6,0,0
769397584998178,Full highlights: KT 2 - 0 DK | V√≤ng Th·ª•y Sƒ© CKTG 2023,2023-10-29 13:20:26,28,2,198,194,1,0,3,0,0,0
769388531665750,"[TH·ªÇ TH·ª®C TH·ª§Y Sƒ® (2-2) - CKTG 2023: KT 2-0 DK]

V·ªõi giai ƒëo·∫°n ban pick t·ªët, KT ƒë√£ c√≥ 3 ƒë∆∞·ªùng th·∫Øng v√† r·∫•t d·ªÖ d√†ng tri·ªÉn khai th·∫ø tr·∫≠n c·ªßa m√¨nh. T∆∞·ªüng ch·ª´ng nh∆∞ s·∫Ω l√† m·ªôt v√°n ƒë·∫•u √°p ƒë·∫£o th√¨ m·ªôt sai l·∫ßm ch√≠ m·∫°ng c·ªßa Aiming ƒë√£ khi·∫øn KT m·∫•t tr·∫Øng to√†n b·ªô b√πa l·ª£i Baron c≈©ng nh∆∞ c√°c l·ª£i th·∫ø c·ªßa m√¨nh.

D√π th·∫ø tr·∫≠n tr·ªü n√™n c√¢n b·∫±ng khi DK ki·ªÉm so√°t l·∫°i ƒë∆∞·ª£c c√°c m·ª•c ti√™u l·ªõn nh∆∞ng KT v·∫´n th·ªÉ hi·ªán kh·∫£ nƒÉng giao tranh ƒë√°ng s·ª£ c·ªßa m√¨nh. Aiming khi kh√¥ng c√≤n ""v·∫•p c·ªè"" ƒë√£ b·∫Øn h·∫øt v√† ƒëem tr·∫≠n ƒë·∫•u tr·ªü v·ªÅ cho KT.

#LCKVietNam #LCKWIN #WeMakeLegends #CKTG2023",2023-10-29 12:49:57,423,21,2446,1988,19,4,334,10,91,0
769368871667716,"[TH·ªÇ TH·ª®C TH·ª§Y Sƒ® (2-2) - CKTG 2023: KT 1-0 DK]

KT Rolster th·ªÉ hi·ªán ƒë·∫≥ng c·∫•p ƒë√°nh late si√™u h·∫°ng c·ªßa m√¨nh v·ªõi ƒë·ªôi h√¨nh 3 ch·ªß l·ª±c 3 ƒë∆∞·ªùng. D√π ƒë·ªÉ cho DK c√≥ r·∫•t nhi·ªÅu m·∫°ng t·ª´ s·ªõm v√† c√≥ linh h·ªìn R·ªìng C√¥ng Ngh·ªá nh∆∞ng khi ƒë√£ c√≥ ƒë·ªß l∆∞·ª£ng trang b·ªã th√¨ KT ƒë√£ ngay l·∫≠p t·ª©c ƒë·ªïi chi·ªÅu giao tranh. V√°n th·∫Øng thuy·∫øt ph·ª•c c·ªßa KT d√π DK ƒë√£ ƒë√°nh r·∫•t hay trong 20 ph√∫t ƒë·∫ßu ti√™n.

#LCKVietNam #LCKWIN #WeMakeLegends #CKTG2023",2023-10-29 11:47:12,165,5,1290,1113,14,0,151,1,11,0
769082578363012,"N·ªôi chi·∫øn LCK cho 1 t·∫•m v√© v√†o T·ª© K·∫øt c·ªßa CKTG 2023
- 11:00 nh√≥m (2-2): KT vs. DK.

#LCKVietNam #LCKWIN #WeMakeLegends #CKTG2023",2023-10-29 09:30:03,50,4,651,631,11,0,6,0,2,1
769167945021142,"Gumayusi ƒë√£ g√¢y ra 20.6k s√°t th∆∞∆°ng, gi√∫p T1 l·∫≠t k√®o m√£n nh√£n tr∆∞·ªõc BLG",2023-10-29 09:00:41,56,6,685,581,86,3,14,1,0,0
769166301687973,1 ph√∫t kinh ho√†ng d√†nh cho BLG khi c∆∞·ªõp r·ª´ng T1 ·ªü level 1,2023-10-29 07:00:51,165,36,6216,5059,58,6,1082,3,8,0
769058848365385,"C√πng Morgan th·ª±c hi·ªán th·ª≠ th√°ch c·∫ßm 500.000 ƒë·ªìng mua qu√† cho c√°c th√†nh vi√™n OKSavingsBank BRION. ƒê√¢y l√† m·ªôt ph·∫ßn trong h√†nh tr√¨nh c·ªßa Morgan t·∫°i Vi·ªát Nam theo l·ªùi m·ªùi c·ªßa T·ªïng c·ª•c Du l·ªãch H√†n Qu·ªëc t·∫°i Vi·ªát Nam v√† BOX Sports.

#LCKVietNam #LCK #WeMakeLegends",2023-10-28 20:40:19,15,5,844,581,18,1,242,2,0,0
769029835034953,"Tin vui: LCK ch·∫Øc ch·∫Øn c√≥ 3 ƒë·∫°i di·ªán t·∫°i V√≤ng T·ª© K·∫øt.
Tin bu·ªìn: LCK ch·∫Øc ch·∫Øn s·∫Ω c√≥ 1 ƒë·∫°i di·ªán b·ªã lo·∫°i ngay t·ª´ v√≤ng ƒë·∫•u th·ªÉ th·ª©c Thu·ªµ Sƒ©.

#LCKVietNam #LCKWIN #WeMakeLegends #CKTG2023",2023-10-28 19:33:24,153,6,1774,1328,7,1,406,2,29,1
768989211705682,Full Highlights: T1 2 - 0 BLG | Th·ªÉ th·ª©c Th·ª•y Sƒ© CKTG 2023,2023-10-28 18:30:52,78,10,1227,998,97,5,125,1,1,0
768988291705774,N·ªôi chi·∫øn LCK t·ªõi ch∆°i!,2023-10-28 17:42:32,423,28,4199,2899,15,6,1122,2,153,2
768984995039437,"Anh Li√™m b·ªëc thƒÉm n√≥ ch√°y, ch√°y lu√¥n 1 ƒë·∫°i di·ªán LCK r·ªìi ...

#LCKVietNam #LCKWIN #WeMakeLegends #CKTG2023",2023-10-28 17:32:14,576,51,4163,2480,12,3,1326,6,331,5
768978905040046,"[TH·ªÇ TH·ª®C TH·ª§Y Sƒ® (2-1) - CKTG 2023: T1 2-0 BLG]

D√π Bin xanh r·∫•t s·ªõm v·ªõi 2 m·∫°ng solokill nh∆∞ng c√°nh d∆∞·ªõi c·ªßa T1 ƒë√£ g·ª° l·∫°i t·∫•t c·∫£ v·ªõi m·ªôt Jinx c·ª±c xanh. ƒê·ªôi h√¨nh cover Jinx tr·ª© danh c·ªßa T1 ƒë√£ tri·ªÉn khai qu√° m∆∞·ª£t m√† v√† T1 l√† ƒë·ªôi tuy·ªÉn ti·∫øp theo c√≥ m·∫∑t t·∫°i v√≤ng T·ª© K·∫øt.

#LCKVietNam #LCKWIN #WeMakeLegends #CKTG2023",2023-10-28 17:17:22,1000,247,7832,5746,1301,57,718,7,3,0
768963251708278,T1 vs BLG | Zeus c·∫ßm Gnar solokill Renekton trong tay Bin #LCKVietNam #CKTG2023,2023-10-28 16:27:53,231,19,2987,2587,208,8,181,2,1,0
768963108374959,"[TH·ªÇ TH·ª®C TH·ª§Y Sƒ® (2-1) - CKTG 2023: T1 1-0 BLG]

T1 hu·ª∑ di·ªát BLG trong v√°n ƒë·∫•u ƒë·∫ßu ti√™n v·ªõi b√†i ƒë√°nh Senna - Tahm Kench.

#LCKVietNam #LCKWIN #WeMakeLegends #CKTG2023",2023-10-28 16:27:08,444,55,4585,3520,662,30,361,5,7,0
768956835042253,Highlights: NRG 2 - 0 G2 | V√≤ng Th·ª•y Sƒ© CKTG 2023,2023-10-28 16:09:23,6,0,93,90,2,0,1,0,0,0
768947228376547,"[TH·ªÇ TH·ª®C TH·ª§Y Sƒ® (2-1) - CKTG 2023: NRG 2-0 G2]

NRG l√† ƒë·ªôi tuy·ªÉn Ph∆∞∆°ng T√¢y c≈©ng nh∆∞ B·∫Øc M·ªπ ƒë·∫ßu ti√™n ti·∫øn v√†o V√≤ng T·ª© K·∫øt. Trong khi ƒë√≥, G2 ƒë√£ ƒë·∫°t t·ªõi ""ng∆∞·ª°ng m√°u t.·ª≠"" t·∫°i CKTG 2023.

#LCKVietNam #LCKWIN #WeMakeLegends #CKTG2023",2023-10-28 15:35:33,152,6,1225,966,3,2,247,3,4,0
768931435044793,"[TH·ªÇ TH·ª®C TH·ª§Y Sƒ® (2-1) - CKTG 2023: NRG 1-0 G2]

S·ª± hu·ª∑ di·ªát c·ªßa NRG trong v√°n ƒë·∫•u ƒë·∫ßu ti√™n v√† ƒë·∫°i di·ªán c·ªßa B·∫Øc M·ªπ ƒë·∫∑t 1 ch√¢n v√†o v√≤ng T·ª© K·∫øt.

#LCKVietNam #LCKWIN #WeMakeLegends #CKTG2023",2023-10-28 14:44:40,57,0,801,658,3,0,139,0,1,0
768867241717879,ƒê·∫°i chi·∫øn Trung - H√†n: K·ª≥ L√¢n T√¥ Ch√¢u c·∫•t cao ti·∫øng g√°y t·∫°i s√¢n nh√† KT,2023-10-28 11:15:53,8,0,164,161,0,0,3,0,0,0
768829218388348,"Li·ªáu T1 s·∫Ω l√† ƒë·∫°i di·ªán ti·∫øp theo c·ªßa LCK v√†o v√≤ng T·ª© K·∫øt hay s·∫Ω l√† m·ªôt k·ªãch b·∫£n 3 ƒë·∫°i di·ªán LCK trong nh√≥m 2-2 ƒë√¢y.
- 17:00 nh√≥m (2-1): T1 vs. BLG

#LCKVietNam #LCKWIN #WeMakeLegends #CKTG2023",2023-10-28 09:37:29,299,8,3237,2880,316,5,28,4,4,0
768571151747488,Gala kh√¥ng c∆∞·ªùi v√† c√°i k·∫øt ƒë·∫Øng d√†nh cho KT,2023-10-28 09:00:05,10,1,254,252,1,0,1,0,0,0
768499278421342,GAM ƒë√£ c·ªë g·∫Øng h·∫øt s·ª©c nh∆∞ng Showmaker l·∫°i r·∫•t ti·∫øc,2023-10-28 07:00:12,191,2,616,554,1,2,55,0,4,0
768403131764290,Gumayusi tr·ªï t√†i ƒë√°nh Xayah ƒë·ªç k√®o k·ªπ nƒÉng c√πng Nilah c·ªßa Peyz v√† c√°i k·∫øt,2023-10-27 21:50:52,69,1,481,465,12,1,1,0,1,1
768529581751645,Full highlights: GAM vs DK & KT vs LNG | V√≤ng Th·ª•y Sƒ© CKTG 2023,2023-10-27 20:28:00,9,2,187,180,2,0,5,0,0,0
768508251753778,Full highlights: KT 1 - 2 LNG | V√≤ng Th·ª•y Sƒ© CKTG 2023,2023-10-27 18:41:22,18,0,170,166,0,0,4,0,0,0
768506145087322,"[TH·ªÇ TH·ª®C TH·ª§Y Sƒ® (2-1) - CKTG 2023: KT 1-2 LNG]

V·ªõi th·∫Øng l·ª£i ·∫•n t∆∞·ª£ng trong v√°n ƒë·∫•u th·ª© 3, LNG l√† ƒë·ªôi tuy·ªÉn th·ª© 3 c√≥ m·∫∑t t·∫°i v√≤ng T·ª© K·∫øt. Trong khi ƒë√≥, KT Rolster s·∫Ω ph·∫£i quy·∫øt t·ª≠ ·ªü nh√≥m 2-2 v√† kh√¥ng lo·∫°i tr·ª´ kh·∫£ nƒÉng h·ªç s·∫Ω ph·∫£i g·∫∑p DK.

#LCKVietNam #LCKWIN #WeMakeLegends #CKTG2023",2023-10-27 18:32:25,244,7,2645,2295,26,2,259,8,55,0
768480411756562,"[TH·ªÇ TH·ª®C TH·ª§Y Sƒ® (2-1) - CKTG 2023: KT 1-1 LNG]

Kho√° ch·∫∑t ng√≤i n·ªï GALA, KT Rolster g·ª° ho√† th√†nh c√¥ng tr∆∞·ªõc LNG.

#LCKVietNam #LCKWIN #WeMakeLegends #CKTG2023",2023-10-27 17:20:49,139,6,990,898,27,1,60,1,3,0
768479261756677,KT vs LNG: Pha x·ª≠ l√Ω 500IQ ƒë·∫øn t·ª´ Aiming & Lehends #LCKVietNam #CKTG2023,2023-10-27 17:17:13,63,10,3581,3436,19,4,113,7,2,0
768460981758505,"[TH·ªÇ TH·ª®C TH·ª§Y Sƒ® (2-1) - CKTG 2023: KT 0-1 LNG]

M√†n ƒë·ªç s√∫ng kh·ªßng khi·∫øp c·ªßa Aiming v√† GALA nh∆∞ng c√°c th√†nh vi√™n LNG ƒë√£ ch·ª©ng minh, h·ªç ƒë·ªÅu l√† qu·ª∑ trong v√°n ƒë·∫•u ƒë·∫ßu ti√™n,

#LCKVietNam #LCKWIN #WeMakeLegends #CKTG2023",2023-10-27 16:28:53,131,8,1058,920,10,2,120,1,5,0
768449165093020,Full highlights: DK 2 - 0 GAM | V√≤ng Th·ª•y Sƒ© CKTG 2023,2023-10-27 15:55:49,49,3,432,366,6,0,44,0,16,0
768442331760370,"[TH·ªÇ TH·ª®C TH·ª§Y Sƒ® (1-2) - CKTG 2023: DK 2-0 GAM]

Phong ƒë·ªô qu√° cao c·ªßa c·∫£ 5 th√†nh vi√™n DK ƒë√£ khi·∫øn cho GAM ng·∫≠m ng√πi nh·∫≠n th·∫•t b·∫°i 0-2 trong ng√†y h√¥m nay. Nh∆∞ v·∫≠y, h√†nh tr√¨nh c·ªßa ƒë·∫°i di·ªán VCS t·∫°i CKTG ƒë√£ ch√≠nh th·ª©c kh√©p l·∫°i, c√≤n DK s·∫Ω c√≤n 1 tr·∫≠n ƒë·∫•u s·ªëng c√≤n n·ªØa t·∫°i nh√≥m 2-2.

#LCKVietNam #LCKWIN #WeMakeLegends #CKTG2023",2023-10-27 15:31:33,247,6,1303,1082,8,3,187,0,22,1
768426835095253,"[TH·ªÇ TH·ª®C TH·ª§Y Sƒ® (1-2) - CKTG 2023: DK 1-0 GAM]

V√°n ƒë·∫•u kh√¥ng m·ªôt v·∫øt x∆∞·ªõc c·ªßa DK khi h·ªç kh√¥ng cho GAM 1 c∆° h·ªôi n√†o trong v√°n ƒë·∫•u ƒë·∫ßu ti√™n.

#LCKVietNam #LCKWIN #WeMakeLegends #CKTG2023",2023-10-27 14:42:55,221,6,1509,1263,17,0,213,1,15,0
768355785102358,"Hai ƒë·∫°i di·ªán c·ªßa LCK l√† Dplus KIA v√† KT Rolster s·∫Ω ƒë·ªÅu ra qu√¢n trong ng√†y h√¥m nay:
- 14:00 nh√≥m (1-2): DK vs GAM
- 17:00 nh√≥m (2-1): KT vs LNG.

#LCKVietNam #LCKWIN #WeMakeLegends #CKTG2023",2023-10-27 10:58:02,66,0,881,779,14,0,87,0,1,0
768031775134759,G·ªçi The Shy l√† b√¥ng h·ªìng nh·ªè v√¨ xung quanh anh ·∫•y nhi·ªÅu crush,2023-10-27 07:00:17,14,1,532,460,4,1,65,2,0,0
768007725137164,Full highlights: WBG 2 - 0 MAD | V√≤ng Th·ª•y Sƒ© CKTG 2023,2023-10-26 18:48:57,20,0,491,444,3,0,44,0,0,0
768004571804146,"[TH·ªÇ TH·ª®C TH·ª§Y Sƒ® (1-2) - CKTG 2023: MAD 0-2 WBG]

Sau v√°n ƒë·∫•u ƒë·∫ßu ti√™n g·∫∑p nhi·ªÅu kh√≥ khƒÉn, WBG ƒë√£ kip th·ªùi l·∫•y l·∫°i phong ƒë·ªô ƒë·ªÉ k·∫øt th√∫c tr·∫≠n ƒë·∫•u quan tr·ªçng n√†y ch·ªâ sau 2 v√°n ƒë·∫•u.

#LCKVietNam #LCKWIN #WeMakeLegends #CKTG2023",2023-10-26 18:37:20,24,1,657,642,6,0,8,0,1,0
767972545140682,Full highlights: FNC 2 - 1 C9 | V√≤ng Th·ª•y Sƒ© CKTG 2023,2023-10-26 17:05:30,6,0,188,185,2,0,1,0,0,0
767965925141344,"[TH·ªÇ TH·ª®C TH·ª§Y Sƒ® (1-2) - CKTG 2023: C9 1-2 FNC]

FNC l·ªôi ng∆∞·ª£c d√≤ng th√†nh c√¥ng v√† ƒë∆∞a C9 tr·ªü v·ªÅ n∆∞·ªõc sau tr·∫≠n ƒë·∫•u n√†y.

#LCKVietNam #LCKWIN #WeMakeLegends #CKTG2023",2023-10-26 16:40:23,62,3,908,728,4,0,173,2,1,0
767949818476288,"[TH·ªÇ TH·ª®C TH·ª§Y Sƒ® (1-2) - CKTG 2023: C9 1-1 FNC]

Fnatic c√¢n b·∫±ng t·ªâ s·ªë 1-1 v·ªõi Cloud 9 v√† ch√∫ng ta s·∫Ω c·∫ßn t·ªõi v√°n 3 ƒë·ªÉ t√¨m ra ƒë·ªôi ti·∫øn v√†o nh√≥m 2-2 trong ng√†y h√¥m nay.

#LCKVietNam #LCKWIN #WeMakeLegends #CKTG2023",2023-10-26 15:50:35,9,0,135,131,0,0,4,0,0,0
767932808477989,"[TH·ªÇ TH·ª®C TH·ª§Y Sƒ® (1-2) - CKTG 2023: C9 1-0 FNC]

Cloud 9 d√π ƒë√£ ƒë·ªët ch√°y FNC ngay t·ª´ s·ªõm nh∆∞ng ƒë·∫°i di·ªán c·ªßa B·∫Øc M·ªπ c≈©ng ph·∫£i c·∫ßn t·ªõi 40 ph√∫t ƒë·ªÉ c√≥ ƒë∆∞·ª£c chi·∫øn th·∫Øng trong v√°n ƒë·∫•u ƒë·∫ßu ti√™n.

#LCKVietNam #LCKWIN #WeMakeLegends #CKTG2023",2023-10-26 14:54:55,23,1,632,583,1,0,46,1,1,0
767899048481365,Chi·∫øn Th·∫ßn Kiaya ti·∫øp t·ª•c tryhard rank H√†n ƒë·ªÉ chu·∫©n b·ªã cho tr·∫≠n g·∫∑p DK,2023-10-26 13:04:50,36,1,645,596,41,1,6,0,0,1
767857078485562,N·ªôi chi·∫øn T1 - Oner v√¥ t√¨nh ƒë·ª•ng ƒë·ªô Zeus ·ªü ƒë∆∞·ªùng tr√™n v√† c√°i k·∫øt th·ªü oxi li√™n t·ª•c,2023-10-26 11:14:21,26,5,528,452,3,0,73,0,0,0
767832638488006,"Phong ƒë·ªô hu·ª∑ di·ªát c·ªßa Gen.G t·∫°i CKTG 2023:
üî∑ T·ªâ l·ªá th·∫Øng 100%.
üî∑ B∆∞·ªõc v√†o v√≤ng T·ª© K·∫øt ch·ªâ sau 4 v√°n ƒë·∫•u.
üî∑ 5 th√†nh vi√™n ƒë·ª©ng ƒë·∫ßu tr√™n b·∫£ng x·∫øp h·∫°ng KDA.

#LCKVietNam #LCKWIN #WeMakeLegends #CKTG2023",2023-10-26 10:04:56,564,10,2386,2122,224,3,26,8,3,0
767412345196702,One champ Rengar kh√≥ ch·ªãu ƒë·∫øn m·ª©c n√†o? Khi·∫øn Morgan c≈©ng ph·∫£i to√°t m·ªì h√¥i h·ªôt,2023-10-25 16:34:41,34,4,625,542,7,0,74,1,1,0
767384761866127,Faker li√™n ti·∫øp tryhard Orianna ·ªü rank H√†n t·∫°i phi√™n b·∫£n 13.20,2023-10-25 14:40:29,20,1,584,569,12,1,2,0,0,0
767356761868927,10 pha x·ª≠ l√Ω ƒë·ªânh cao v√† top 1 s·∫Ω kh√¥ng l√†m b·∫°n th·∫•t v·ªçng,2023-10-25 12:55:53,74,60,5771,5547,136,3,56,26,2,1
767325705205366,"Top 10 ng∆∞·ªùi fan KT Rolster tin t∆∞·ªüng nh·∫•t
- Tr·ªçng t√†i CKTG 2023.
- Ng∆∞·ªùi b·ªëc thƒÉm.
- Anh Shin Sung-bo.

#LCKVietNam #LCKWIN #WeMakeLegends #CKTG2023",2023-10-25 11:21:59,118,31,2545,1555,11,2,953,0,24,0
767004171904186,Zeus c·∫ßm Jax ƒë·ªç k√®o k·ªπ nƒÉng c√πng Aatrox trong tay Zika v√† c√°i k·∫øt,2023-10-25 11:00:55,144,6,1273,1151,16,1,96,7,2,0
767006518570618,Peyz ƒëang ƒë·ª©ng top 28 m√°y ch·ªß H√†n v√† Aphelios ƒëang c√≥ t·ª∑ l·ªá th·∫Øng 66.7%,2023-10-25 09:00:29,94,2,700,686,5,1,5,2,1,0
766999218571348,One champ Vladimir ƒë√°nh c≈©ng hay ƒë·∫•y nh∆∞ng Taliyah c·ªßa Faker c≈©ng kh√¥ng ph·∫£i d·∫°ng v·ª´a ƒë√¢u,2023-10-25 07:00:38,13,8,684,618,8,1,56,1,0,0
766984361906167,"C√πng nh√¨n l·∫°i chuy·∫øn ƒëi c·ªßa Morgan t·∫°i Vi·ªát Nam theo l·ªùi m·ªùi c·ªßa T·ªïng c·ª•c Du l·ªãch H√†n Qu·ªëc t·∫°i Vi·ªát Nam v√† BOX Sports nh√© ü•≥ü•≥

#LCKVietNam #LCK #WeMakeLegends",2023-10-24 20:54:36,15,8,1167,834,192,8,132,1,0,0
766823585255578,ALe kh√≥c th√©t khi b·ªã Morgan solokill li√™n t·ª•c v√† m√†n g√°nh team m√£n nh√£n,2023-10-24 16:30:01,44,2,1014,843,5,4,158,3,1,0
766805595257377,N·ªôi chi·∫øn T1 - Zeus ƒë·ªç k√®o k·ªπ nƒÉng c·ª±c cƒÉng c√πng Oner t·∫°i rank H√†n v√† c√°i k·∫øt,2023-10-24 14:30:04,14,4,616,600,9,0,7,0,0,0
766457561958847,C√≤n g√¨ vui b·∫±ng khi DK ƒë√°nh b·∫°i BDS trong ng√†y sinh nh·∫≠t c·ªßa Deft,2023-10-24 13:00:54,13,0,568,493,59,3,13,0,0,0
766368608634409,Faker ƒë·ªç k√®o tay to c√πng Caps t·∫°i rank th√°ch ƒë·∫•u H√†n v√† c√°i k·∫øt,2023-10-24 11:00:07,80,2,969,871,11,4,82,0,1,0
766688908602379,"Khi b∆∞·ªõc ƒë·∫øn nh·ªØng v√≤ng ƒë·∫•u cu·ªëi c√πng c·ªßa th·ªÉ th·ª©c Thu·ªµ Sƒ©, c√°c tr·∫≠n ƒë·∫•u s·∫Ω ƒë·ªÅu l√† bo3 v√† c√°c ƒë·ªôi tuy·ªÉn LCK s·∫Ω ƒë·ªÅu ph·∫£i d·ªëc h·∫øt s·ª©c m√¨nh ƒë·ªÉ ti·∫øn v√†o v√≤ng T·ª© K·∫øt. C∆° h·ªôi l√† c√≤n nguy√™n cho c·∫£ T1, KT v√† DK n√™n h√£y c√πng tin t∆∞·ªüng v√†o m·ªôt vi·ªÖn c·∫£nh 4 ƒë·ªôi LCK c√πng v√†o T·ª© K·∫øt üòÄüòÄ

#LCKVietNam #LCKWIN #WeMakeLegends #CKTG2023",2023-10-24 09:38:02,201,8,1960,1769,152,6,30,2,1,0
766446568626613,Ng√†i Mark kh√≥c th√©t khi b·ªã Chi·∫øn Th·∫ßn Kiaya c·∫ßm Rumble s·∫•y kh√¥ c·∫£ ng∆∞·ªùi,2023-10-24 09:01:06,18,1,495,429,3,2,59,2,0,0
766444491960154,"Levi d√πng tuy·ªát k·ªπ ""Khoai t√¢y l·ªëc xo√°y"" ti·ªÖn Ng√†i Mark ra s√¢n bay v·ªÅ n∆∞·ªõc",2023-10-24 07:00:02,152,15,3125,2500,31,3,579,1,10,1
766440865293850,"Th√™m m·ªôt nh√† v√¥ ƒë·ªãch 2022 chia tay CKTG 2023. Hi·ªán t·∫°i ch·ªâ c√≤n Deft c√≤n c∆° h·ªôi b·∫£o v·ªá ch·ª©c v√¥ ƒë·ªãch c·ªßa m√¨nh.

#LCKVietNam #LCKWIN #WeMakeLegends #CKTG2023",2023-10-23 22:14:14,108,5,1411,1344,22,3,27,0,15,0
766367071967896,Full highlights: GAM vs TL & DK vs BDS | V√≤ng Th·ª•y Sƒ© CKTG 2023,2023-10-23 20:30:15,9,0,194,190,1,1,2,0,0,0
766343371970266,"KT Rolster ti·∫øp t·ª•c h√†nh tr√¨nh ch√¥ng gai c·ªßa m√¨nh khi ƒë·ªëi th·ªß c·ªßa h·ªç s·∫Ω l√† LNG - √Å Qu√¢n LPL M√πa H√® 2023.

T1 s·∫Ω c√≥ m·ªôt cu·ªôc chi·∫øn ƒë∆∞·ª£c d·ª± b√°o v√¥ c√πng kh√≥ khƒÉn khi g·∫∑p BLG - Seed 2 c·ªßa Trung Qu·ªëc.

DK sau khi tho√°t kh·ªèi ki·∫øp n·∫°n ƒë·∫ßu ti√™n s·∫Ω g·∫∑p ƒë·∫°i di·ªán c·ªßa VCS l√† GAM Esports t·∫°i nh√≥m (1-2).

#LCKVietNam #LCKWIN #WeMakeLegends #CKTG2023",2023-10-23 18:35:39,376,21,2868,2367,27,3,433,2,36,0
766340111970592,"Zeus g·∫∑p l·∫°i Bin, GAM quy·∫øt ƒë·∫•u c√πng DK, KT g·∫∑p th·ª≠ th√°ch mang t√™n LNG...",2023-10-23 18:29:03,456,25,3014,2386,18,3,490,3,112,2
766330345304902,"[TH·ªÇ TH·ª®C TH·ª§Y Sƒ® (0-2) - CKTG 2023: DK 2-0 BDS]

Truy·ªÅn th·ªëng b·∫Øt n·∫°t c√°c ƒë·ªôi tuy·ªÉn y·∫øu h∆°n ƒë∆∞·ª£c DK ph√°t huy r·∫•t t·ªët t·∫°i CKTG 2023. V√°n 2 di·ªÖn ra ch·ªâ sau 24 ph√∫t v·ªõi m·ªôt th·∫Øng l·ª£i kh√¥ng th·ªÉ √°p ƒë·∫£o h∆°n cho DK. Nh∆∞ v·∫≠y, BDS l√† ƒë·ªôi tuy·ªÉn ti·∫øp theo ph·∫£i ra v·ªÅ sau ng√†y h√¥m nay.

#LCKVietNam #LCKWIN #WeMakeLegends #CKTG2023",2023-10-23 18:02:05,66,15,1693,1486,162,3,37,1,4,0
766316528639617,Highlights: GAM 2 - 1 TL | V√≤ng 0 - 2 th·ªÉ th·ª©c Th·ª•y Sƒ© CKTG 2023,2023-10-23 17:28:35,51,22,1905,1852,34,4,14,1,0,0
766314735306463,"[TH·ªÇ TH·ª®C TH·ª§Y Sƒ® (0-2) - CKTG 2023: DK 1-0 BDS]

DK s·ª≠ d·ª•ng ƒë·ªôi h√¨nh win lane - win game v√† h·ªç ƒë√£ d·ªÖ d√†ng ƒë√°nh b·∫°i BDS trong v√°n ƒë·∫•u ƒë·∫ßu ti√™n.

#LCKVietNam #LCKWIN #WeMakeLegends #CKTG2023",2023-10-23 17:20:34,15,2,674,612,56,1,4,0,1,0
766306711973932,Ph·ªèng v·∫•n: Levi & Kiaya | V√≤ng 0 - 2 th·ªÉ th·ª©c Th·ª•y Sƒ© CKTG 2023,2023-10-23 16:59:21,66,2,1600,1395,171,2,29,0,2,1
766296345308302,GAM vs TL: Levi c√πng ƒë·ªìng ƒë·ªôi gi√†nh th·∫Øng l·ª£i tr∆∞·ªõc TL b∆∞·ªõc v√†o v√≤ng 1 - 2 #CKTG2023,2023-10-23 16:31:30,78,7,1362,1278,71,3,10,0,0,0
766293328641937,"[TH·ªÇ TH·ª®C TH·ª§Y Sƒ® (0-2) - CKTG 2023: TL 1-2 GAM]

GAM bi·∫øn Pyosik tr·ªü th√†nh c·ª±u v∆∞∆°ng v√† ti·ªÖn Team Liquid v·ªÅ n∆∞·ªõc s·ªõm!!

#LCKVietNam #LCKWIN #WeMakeLegends #CKTG2023",2023-10-23 16:23:00,540,56,5079,3891,369,14,777,22,6,0
766273195310617,"[TH·ªÇ TH·ª®C TH·ª§Y Sƒ® (0-2) - CKTG 2023: TL 1-1 GAM]

King of Kindred kh√¥ng ph·∫£i l√† h∆∞ danh. Team Liquid g·ª° ho√† 1-1 tr∆∞·ªõc GAM trong tr·∫≠n ƒë·∫•u quy·∫øt ƒë·ªãnh c·ªßa c·∫£ hai ƒë·ªôi.

#LCKVietNam #LCKWIN #WeMakeLegends #CKTG2023",2023-10-23 15:29:26,189,3,1305,1100,7,0,194,0,4,0
766256975312239,"[TH·ªÇ TH·ª®C TH·ª§Y Sƒ® (0-2) - CKTG 2023: TL 0-1 GAM]

Nh√† v√¥ ƒë·ªãch th·∫ø gi·ªõi v·ªõi ch√∫ng t√¥i. 1-0 cho GAM :3

#LCKVietNam #LCKWIN #WeMakeLegends #CKTG2023",2023-10-23 14:45:20,119,7,1451,1185,30,5,225,5,1,0
766191161985487,"CU·ªòC CHI·∫æN GODS H√îM NAY
- Deft: Main Anime.
- Adam: Garen - Olaf - Darius - Sett.

Ch·ªâ c√≥ m·ªôt ng∆∞·ªùi ƒë∆∞·ª£c ƒëi ti·∫øp sau tr·∫≠n ƒë·∫•u l√∫c 17:00 chi·ªÅu nay.

#LCKVietNam #LCKWIN #WeMakeLegends #CKTG2023",2023-10-23 11:35:55,66,2,873,684,10,0,175,0,4,0
766147911989812,"L·ªäCH THI ƒê·∫§U NG√ÄY 23/10 - KH√îNG C√íN ƒê∆Ø·ªúNG LUI

S·∫Ω c√≥ 2 ƒë·ªôi tuy·ªÉn ph·∫£i n√≥i l·ªùi chia tay CKTG 2023 trong ng√†y h√¥m nay v√† t·∫•t nhi√™n kh√¥ng ai mu·ªën ph·∫£i v·ªÅ s·ªõm c·∫£. GAM, TL, DK hay BDS s·∫Ω thi ƒë·∫•u v·ªõi 200% phong ƒë·ªô trong ng√†y h√¥m nay ƒë·ªÉ gi·ªØ l·∫•y c∆° h·ªôi c·ªßa m√¨nh!!

#LCKVietNam #LCKWIN #WeMakeLegends #CKTG2023",2023-10-23 09:35:58,197,4,1601,1374,21,2,200,1,3,0
765831852021418,V·∫´n l√† con Kaisa trong tay Aiming nh∆∞ng l·∫ßn n√†y n√≥ kh√©t l·∫Øm,2023-10-23 08:50:57,16,0,383,376,5,0,2,0,0,0
765829408688329,Keria m·ªôt trong nh·ªØng h·ªó tr·ª£ xu·∫•t s·∫Øc ·ªü th·ªùi ƒëi·ªÉm hi·ªán t·∫°i,2023-10-23 07:00:37,218,16,3381,2854,467,13,42,5,0,0
765810182023585,Full highlights: T1 vs C9 & KT vs WBG | V√≤ng Th·ª•y Sƒ© CKTG 2023,2023-10-22 20:00:53,11,2,405,394,9,1,1,0,0,0
765806285357308,"""Ng∆∞·ª°ng m√°u t·ª≠"" c·ªßa CKTG 2023 hi·ªán ƒëang g·ªçi t√™n:
0Ô∏è‚É£ 2Ô∏è‚É£ - GAM Esports, Team BDS, Dplus KIA v√† Team Liquid.
1Ô∏è‚É£ 2Ô∏è‚É£ - Cloud 9, Fnatic, MAD Lions, v√† Weibo Gaming.

C√°c ƒë·ªôi tuy·ªÉn n√†y s·∫Ω kh√¥ng ƒë∆∞·ª£c ph√©p thua 1 tr·∫≠n ƒë·∫•u n√†o n·ªØa n·∫øu mu·ªën ƒëi ti·∫øp v√†o v√≤ng T·ª© K·∫øt.

#LCKVietNam #LCKWIN #WeMakeLegends #CKTG2023",2023-10-22 19:30:00,125,8,1163,1105,14,1,42,1,0,0
765800465357890,Highlights: KT 1 - 0 WBG | V√≤ng Th·ª•y Sƒ© CKTG 2023,2023-10-22 18:19:49,10,0,239,235,2,0,2,0,0,0
765787605359176,"[TH·ªÇ TH·ª®C TH·ª§Y Sƒ® (1-1) - CKTG 2023: KT 1-0 WBG]

Th·∫Øng l·ª£i r·∫•t c·∫£m x√∫c c·ªßa KT Rolster ƒë∆∞a h·ªç v√†o nh√≥m (2-1) c√πng v·ªõi G2, LNG, T1, NRG v√† BLG. C√≤n WBG ƒë√£ ƒë·∫øn ng∆∞·ª°ng m√°u t·ª≠ c·ªßa m√¨nh v·ªõi th·∫•t b·∫°i n√†y.

#LCKVietNam #LCKWIN #WeMakeLegends #CKTG2023",2023-10-22 17:49:00,75,4,1112,1076,17,0,18,0,1,0
765767235361213,"[TH·ªÇ TH·ª®C TH·ª§Y Sƒ® (1-1) - CKTG 2023: BLG 1-0 FNC]

FNC ƒë√£ tri·ªÉn khai l·ªëi ch∆°i c·ªßa m√¨nh r·∫•t m∆∞·ª£t m√† v·ªõi m·ªôt ƒë·ªôi h√¨nh m·ªü giao tranh v√† √°p l·ª±c li√™n t·ª•c. Tuy nhi√™n, d√π combo hay ƒë·∫øn m·∫•y th√¨ FNC c≈©ng kh√¥ng b√π ƒë·∫Øp ƒë∆∞·ª£c vi·ªác 2 ch·ªß l·ª±c c·ªßa m√¨nh thi·∫øu s√°t th∆∞∆°ng so v·ªõi BLG.

N·ªó l·ª±c c·ªßa FNC ch·ªâ gi√∫p h·ªç ch·ªëng tr·∫£ ƒë∆∞·ª£c h∆°n 30 ph√∫t tr∆∞·ªõc khi nh·∫≠n th·∫•t b·∫°i tr∆∞·ªõc m·ªôt BLG tay qu√° to

#LCKVietNam #LCKWIN #WeMakeLegends #CKTG2023",2023-10-22 16:42:54,70,2,436,426,3,0,7,0,0,0
765749975362939,"[TH·ªÇ TH·ª®C TH·ª§Y Sƒ® (1-1) - CKTG 2023: NRG 1-0 MAD]

Cu·ªôc chi·∫øn gi·ªØa EU - NA ch∆∞a bao gi·ªù l√†m ng∆∞·ªùi xem th·∫•t v·ªçng khi hai ƒë·ªôi pk r·∫•t m√£n nh√£n (c√πng v·ªõi ƒë√≥ l√† nh·ªØng pha x·ª≠ l√Ω m√π m·∫Øt). Trong m·ªôt v√°n ƒë·∫•u d√†i h∆°i v·ªõi ƒëi·ªÉm h·∫° g·ª•c v∆∞·ª£t th·ªùi gian, NRG ƒë√£ l√† ƒë·ªôi c√≥ ƒë∆∞·ª£c th·∫Øng l·ª£i ƒë·ªÉ v∆∞∆°n l√™n nh√≥m (2-1).

#LCKVietNam #LCKWIN #WeMakeLegends #CKTG2023",2023-10-22 15:44:30,26,1,432,390,2,0,38,1,1,0
765739148697355,Highlights: T1 1 - 0 C9 | V√≤ng 1 - 1 th·ªÉ th·ª©c Th·ª•y Sƒ© CKTG 2023,2023-10-22 15:09:30,74,9,1714,1555,149,1,7,2,0,0
765731238698146,Keria c·∫ßm Brad flash ƒë·ªïi g·ªëc g√¢y cho√°ng v√† c√°i k·∫øt ƒë·∫Øng cho C9 #LCKVietNam #CKTG2023,2023-10-22 14:45:23,138,19,3339,3021,276,10,26,6,0,0
765728072031796,"[TH·ªÇ TH·ª®C TH·ª§Y Sƒ® (1-1) - CKTG 2023: T1 1-0 C9]

V√°n ƒë·∫•u g·∫ßn nh∆∞ ho√†n h·∫£o d√†nh cho T1 khi Oner gank qu√° gh√™ v√† C9 kh√¥ng c√≥ b·∫•t k·ª≥ s·ª± ph·∫£n kh√°ng n√†o c·∫£. 2 tr·ª• l√† t·∫•t c·∫£ nh·ªØng g√¨ ƒë·∫°i di·ªán c·ªßa B·∫Øc M·ªπ l√†m ƒë∆∞·ª£c trong v√°n ƒë·∫•u v√† h·ªç s·∫Ω r·ªõt xu·ªëng nh√≥m (1-2) sau th·∫•t b·∫°i r·∫•t n·∫∑ng n·ªÅ n√†y.

#LCKVietNam #LCKWIN #WeMakeLegends #CKTG2023",2023-10-22 14:35:37,464,41,3483,2771,430,9,265,6,2,0
765413462063257,G2 t∆∞·ªüng m√¨nh l√† g√† h√≥a ra ch·ªâ l√† h·∫°t th√≥c,2023-10-22 11:01:03,138,9,3110,2519,18,2,564,4,3,0
765389448732325,C√°i k·∫øt ƒë·∫Øng cho LNG khi 369 roll ra s·ªë 9,2023-10-22 08:45:28,43,3,562,508,2,1,50,0,1,0
765387015399235,Chovy h√≥a G2 th√†nh nh·ªØng g√£ h·ªÅ ch√≠nh hi·ªáu b·∫±ng con b√†i Sylas v√† c√°i k·∫øt,2023-10-22 07:00:26,20,1,139,135,0,0,3,1,0,0
765310572073546,Full highlights: GEN 2 - 0 G2 | V√≤ng Th·ª•y Sƒ© CKTG 2023,2023-10-21 18:38:06,49,2,886,808,15,0,60,2,1,0
765298432074760,"[TH·ªÇ TH·ª®C TH·ª§Y Sƒ® (2-0) - CKTG 2023: G2 0-2 GEN]

G2 ƒë√£ c√≥ m·ªôt k·∫ø ho·∫°ch v·ªõi GEN ·ªü v√°n 2 nh∆∞ng tr√¨nh ƒë·ªô qu√° ch√™nh l·ªách khi·∫øn cho th·∫ø tr·∫≠n r·∫•t 1 chi·ªÅu nghi√™ng v·ªÅ Seed 1 H√†n Qu·ªëc. GEN b∆∞·ªõc v√†o T·ª© K·∫øt v·ªõi th√†nh t√≠ch b·∫•t b·∫°i.

#LCKVietNam #LCKWIN #WeMakeLegends #CKTG2023",2023-10-21 18:02:01,294,17,2193,1886,52,2,247,2,4,0
765282215409715,"[TH·ªÇ TH·ª®C TH·ª§Y Sƒ® (2-0) - CKTG 2023: G2 0-1 GEN]

ƒê·ªôi h√¨nh 2 x·∫° th·ªß c·ªßa GEN c√≥ th·ªÉ gi√∫p h·ªç ƒëi ƒë∆∞·ªùng t·ªët nh∆∞ng c√†ng v·ªÅ cu·ªëi, Th·ª£ Jax Doran ƒë√£ kh·∫Øc ch·∫ø t·∫•t c·∫£. H∆°n 30 ph√∫t l√† th·ªùi gian GEN d·ª©t ƒëi·ªÉm G2 ·ªü v√°n ƒë·∫•u ƒë·∫ßu ti√™n v√† c√≥ l·∫Ω c√°i k·∫øt ƒë√£ ƒë·∫πp h∆°n n·∫øu Chovy c√≥ Pentakill trong pha giao tranh cu·ªëi c√πng.

#LCKVietNam #LCKWIN #WeMakeLegends #CKTG2023",2023-10-21 17:11:28,133,3,859,753,17,2,82,2,2,1
765271862077417,Full highlights: JDG 2 - 1 LNG | V√≤ng Th·ª•y Sƒ© CKTG 2023,2023-10-21 16:38:45,5,0,156,148,4,0,4,0,0,0
765267342077869,"[TH·ªÇ TH·ª®C TH·ª§Y Sƒ® (2-0) - CKTG 2023: JDG 2-1 LNG]

D√π ti·∫øp t·ª•c b·ªã LNG l·∫•n √°p trong kho·∫£ng th·ªùi gian ƒë·∫ßu nh∆∞ng JDG ƒë√£ cho th·∫•y r·∫±ng t·∫°i sao h·ªç l√† ƒë·ªôi tuy·ªÉn m·∫°nh nh·∫•t th·∫ø gi·ªõi v√†o th·ªùi ƒëi·ªÉm n√†y. V·ªõi ƒë·ªôi h√¨nh 4 ngu·ªìn s√°t th∆∞∆°ng, JDG d√π m·∫•t ai ƒëi chƒÉng n·ªØa v·∫´n lu√¥n c√≥ ƒë·ªß s√°t th∆∞∆°ng ƒë·ªÉ ƒë√°nh b·∫°i LNG trong giao tranh. V·ªõi th·∫Øng l·ª£i 2-1 n√†y, JDG l√† ƒë·ªôi ƒë·∫ßu ti√™n ghi t√™n m√¨nh v√†o v√≤ng T·ª© K·∫øt.

#LCKVietNam #LCKWIN #WeMakeLegends #CKTG2023",2023-10-21 16:22:47,89,6,823,802,8,2,8,0,3,0
765251388746131,"[TH·ªÇ TH·ª®C TH·ª§Y Sƒ® (2-0) - CKTG 2023: JDG 1-1 LNG]

Ch·ªâ t·ª´ giai ƒëo·∫°n ƒëi ƒë∆∞·ªùng r·∫•t √°p l·ª±c, LNG ƒë√£ tri·ªÉn khai th·∫ø tr·∫≠n v√¥ c√πng b√†i b·∫£n v√† kh√¥ng cho JDG c√≥ c∆° h·ªôi ƒë·ªÉ kh√°ng c·ª± l·∫°i. Ch√∫ng ta s·∫Ω c·∫ßn t·ªõi v√°n 3 ƒë·ªÉ t√¨m ra ƒë·ªôi ƒë·∫ßu ti√™n ƒëi ti·∫øp.

#LCKVietNam #LCKWIN #WeMakeLegends #CKTG2023",2023-10-21 15:30:07,105,6,1136,1026,99,1,6,3,1,0
765235625414374,"[TH·ªÇ TH·ª®C TH·ª§Y Sƒ® (2-0) - CKTG 2023: JDG 1-0 LNG]

Qu√° kinh d·ªã ƒë·∫øn t·ª´ 5 th√†nh vi√™n c·ªßa JDG. H·ªç ch·ªâ c√≤n c√°ch V√≤ng Lo·∫°i Tr·ª±c Ti·∫øp 1 v√°n th·∫Øng n·ªØa th√¥i.

#LCKVietNam #LCKWIN #WeMakeLegends #CKTG2023",2023-10-21 14:45:53,67,2,799,776,6,1,13,3,0,0
765145195423417,"Sau c√°c lo·∫°t tr·∫≠n ƒë·∫ßu ti√™n, c√°c ƒë·∫°i di·ªán LCK ƒëang ·ªü nh·ªØng th√°i c·ª±c r·∫•t kh√°c nhau. N·∫øu nh∆∞ GEN ƒëang bƒÉng bƒÉng ti·∫øn v√†o V√≤ng Lo·∫°i Tr·ª±c Ti·∫øp v·ªõi th√†nh t√≠ch 2-0 th√¨ DK l·∫°i ti·∫øn g·∫ßn v·ªÅ nh√† v·ªõi 2 tr·∫≠n thua.

·ªû m·ªôt nh√°nh kh√°c, T1 l·∫´n KT ƒëang ·ªü nh·ªØng tr·∫≠n ƒë·∫•u b·∫£n l·ªÅ khi ƒë·ªÅu c√≥ th√†nh t√≠ch 1-1.
#LCKVietNam #LCKWIN #WeMakeLegends #CKTG2023",2023-10-21 10:01:40,178,2,1163,1054,9,1,93,1,5,0
764866805451256,Caps m·ªôt m√¨nh backdoor nh√† ch√≠nh WBG v√† c√°i k·∫øt,2023-10-21 09:00:11,39,6,798,776,8,1,11,0,1,1
764850665452870,Faker ƒë√°nh r·∫•t hay nh∆∞ng GEN.G r·∫•t ti·∫øc,2023-10-21 07:01:16,124,1,1068,968,7,1,84,0,7,1
764879982116605,"N·∫øu b·∫°n ƒë√£ qu√° cƒÉng th·∫≥ng sau 2 ng√†y 16 v√°n ƒë·∫•u th√¨ ƒë√¢y s·∫Ω l√† post ch·ªØa l√†nh cho b·∫°n. Ch√∫c cho c√°c b√† c√°c m·∫π, c√°c ch·ªã em v√† c√°c fan g∆°n c·ªßa LCK - LMHT 1 ng√†y 20.10 th·∫≠t vui v·∫ª v√† lu√¥n tr√†n ƒë·∫ßy ni·ªÅm vui, h·∫°nh ph√∫c.

#LCKVietNam #LCKWIN #WeMakeLegends #CKTG2023",2023-10-20 22:00:03,10,7,449,394,50,3,2,0,0,0
764837862120817,Full highlights: T1 0 - 1 GEN & DK 0 - 1 KT | V√≤ng Th·ª•y Sƒ© CKTG 2023,2023-10-20 21:30:42,10,4,175,171,2,0,1,0,1,0
764826515455285,"Fan T1 th·ªü ph√†o nh·∫π nh√µm, C∆° h·ªôi cu·ªëi c√πng cho GAM, 2 seed 1 ƒë·ª•ng ƒë·ªô v·ªõi nhau...",2023-10-20 20:20:50,283,8,2131,1805,17,3,296,6,4,0
764819932122610,"""C√≤n ƒë·ªôi n√†o LPL LCK mang h·∫øt ƒë·∫øn ƒë√¢y ƒëi"" - KT Rolster kh√¥ng n√≥i v·∫≠y üòû

#LCKVietNam #LCKWIN #WeMakeLegends #CKTG2023",2023-10-20 20:07:59,110,14,1689,1177,3,1,499,0,9,0
764812408790029,"[TH·ªÇ TH·ª®C TH·ª§Y Sƒ® (0-1) - CKTG 2023: DK 0-1 KT]

N·ªôi chi·∫øn seed 3 v√† seed 4 c·ªßa LCK ƒë√£ k·∫øt th√∫c v·ªõi th·∫Øng l·ª£i √°p ƒë·∫£o nghi√™ng v·ªÅ KT Rolster. Nh∆∞ v·∫≠y, ""team h∆∞·ªõng n·ªôi"" Dplus KIA ƒë√£ ch·∫°m ng∆∞·ª°ng m√°u t·ª≠ v·ªõi k·∫øt qu·∫£ 0-2.

#LCKVietNam #LCKWIN #WeMakeLegends #CKTG2023",2023-10-20 19:47:11,126,3,1114,932,5,1,166,1,9,0
764790778792192,"[TH·ªÇ TH·ª®C TH·ª§Y Sƒ® (1-0) - CKTG 2023: JDG 1-0 BLG]

M·ªôt k·∫øt qu·∫£ kh√¥ng b·∫•t ng·ªù khi ƒë√¢y l√† l·∫ßn th·ª© n BLG ƒë·ªÉ thua JDG t·∫°i m·ªôt gi·∫£i ƒë·∫•u.

#LCKVietNam #LCKWIN #WeMakeLegends #CKTG2023",2023-10-20 18:49:34,237,10,1368,1186,11,1,164,3,3,0
764782705459666,Highlights: G2 1 - 0 WBG | Ng√†y 2 v√≤ng Th·ª•y Sƒ© CKTG 2023,2023-10-20 18:30:12,10,1,236,216,2,0,18,0,0,0
764770368794233,"[TH·ªÇ TH·ª®C TH·ª§Y Sƒ® (1-0) - CKTG 2023: G2 1-0 WBG]

M·ªôt th·∫ø tr·∫≠n ƒë√¥i c√¥ng v√¥ c√πng h·∫•p d·∫´n ƒë∆∞·ª£c G2 l·∫´n WBG t·∫°o ra khi c·∫£ hai kh√¥ng ng·∫°i va ch·∫°m nh∆∞ng c≈©ng ki·ªÉm so√°t m·ª•c ti√™u r·∫•t tri·ªát ƒë·ªÉ. G2 khi b·ªã s·ª©c √©p v·ªÅ R·ªìng ƒë√£ bu·ªôc ph·∫£i giao tranh 50/50 Baron v√† h·ªç ƒë√£ ho√†n to√†n b·ªã WBG hu·ª∑ di·ªát.

Tuy nhi√™n, khi ƒë√£ ƒë·∫°t ng∆∞·ª°ng s·ª©c m·∫°nh WBG l·∫°i giao tranh thua li√™n t·ª•c v√† ƒë·ªÉ G2 l·∫•y ƒë∆∞·ª£c c·∫£ b√πa l·ª£i Baron l·∫´n R·ªìng Ngh√¨n Tu·ªïi. Th·∫ø tr·∫≠n l√∫c n√†y v√¥ c√πng kh√≥ l∆∞·ªùng v√† trong pha giao tranh quy·∫øt ƒë·ªãnh, G2 ƒë√£ th·∫Øng l·ª£i ho√†n to√†n v√† h·ªç ƒë√£ c√≥ v√°n th·∫Øng qu√° c·∫£m x√∫c.

#LCKVietNam #LCKWIN #WeMakeLegends #CKTG2023",2023-10-20 17:56:29,272,17,1366,1068,17,4,269,5,3,0
764754048795865,Highlights: GEN 1 - 0 T1 | Ng√†y 2 v√≤ng Th·ª•y Sƒ© CKTG 2023,2023-10-20 17:16:45,150,5,854,744,14,0,87,1,8,0
764748652129738,"[TH·ªÇ TH·ª®C TH·ª§Y Sƒ® (1-0) - CKTG 2023: GEN 1-0 T1]

Kh·ªüi ƒë·∫ßu t·ªët c·ªßa T1 v·ªõi √°p l·ª±c c·ªßa Oner nh∆∞ng h·ªç l·∫°i kh√¥ng th·ªÉ ki·ªÉm so√°t ƒë∆∞·ª£c m·ª•c ti√™u l·ªõn khi ƒë∆∞·ªùng d∆∞·ªõi c·ªßa GEN ƒëi ƒë∆∞·ªùng qu√° t·ªët. B∆∞·ªõc v√†o giai ƒëo·∫°n gi·ªØa v√°n ƒë·∫•u, GEN th·ªÉ hi·ªán kh·∫£ nƒÉng giao tranh v∆∞·ª£t tr·ªôi c·ªßa m√¨nh v·ªõi nh·ªØng c√∫ M∆∞a T√™n L·ª≠a 10/10 c·ªßa Doran. T1 kh√¥ng c√≥ l·ªùi giai n√†o khi ngo√†i Faker th√¨ c√°c ng√≤i n·ªï c√≤n l·∫°i ho√†n to√†n t·ªãt ng√≤i. Th·∫Øng l·ª£i g·ªçn g√†ng sau ch∆∞a ƒë·∫ßy 30 ph√∫t ƒë∆∞a GEN l√™n nh√≥m ƒë·ªôi 2-0.

#LCKVietNam #LCKWIN #WeMakeLegends #CKTG2023",2023-10-20 16:55:01,704,32,1986,1590,57,10,265,7,56,1
764732555464681,"[TH·ªÇ TH·ª®C TH·ª§Y Sƒ® (0-1) - CKTG 2023: FNC 1-0 GAM]

GAM ƒë√£ c√≥ kh·ªüi ƒë·∫ßu r·∫•t t·ªët khi Kiaya thi ƒë·∫•u xu·∫•t s·∫Øc ·ªü ƒë∆∞·ªùng tr√™n, tuy nhi√™n s·ª± ph·ªëi h·ª£p r·ªùi r·∫°c ƒë√£ khi√™n GAM m·∫•t ƒëi c∆° h·ªôi lƒÉn c·∫ßu tuy·∫øt. Khi ƒëi·ªÉm m·∫°nh nh·∫•t l√† giao tranh thua xa ƒë·ªëi th·ªß, GAM ƒë√†nh ng·∫≠m ng√πi nh·∫°n th·∫•t b·∫°i ch·ªâ sau 24 ph√∫t.

#LCKVietNam #LCKWIN #WeMakeLegends #CKTG2023",2023-10-20 15:59:32,450,5,1089,766,4,1,221,2,29,66
764718108799459,"[C·∫¨P NH·∫¨T K·∫æT QU·∫¢] C9 0-1 LNG, MAD 1-0 BDS

Kh√¥ng c√≥ nhi·ªÅu b·∫•t ng·ªù x·∫£y ra khi c√°c ƒë·ªôi tuy·ªÉn m·∫°nh h∆°n ƒë·ªÅu ƒë√£ c√≥ ƒë∆∞·ª£c chi·∫øn th·∫Øng. LNG l√† ƒë·ªôi ƒë·∫ßu ti√™n c√≥ k·∫øt qu·∫£ 2-0 v√† ch·ªâ c√≤n c√°ch v√≤ng lo·∫°i tr·ª±c ti·∫øp 1 chi·∫øn th·∫Øng n·ªØa.

#LCKVietNam #LCKWIN #WeMakeLegends #CKTG2023",2023-10-20 15:12:57,8,2,344,337,4,0,1,0,2,0
764673342137269,"[TH·ªÇ TH·ª®C TH·ª§Y Sƒ® (0-1) - CKTG 2023: NRG 1-0 TL]

NRG ƒë√£ c√≥ k·∫ø ho·∫°ch hu·ª∑ di·ªát Apa ·ªü ƒë∆∞·ªùng gi·ªØa v√† h·ªç ƒë√£ khi·∫øn anh ch√†ng n√†y feed kh√¥ng ng·ª´ng ngh·ªâ trong su·ªët tr·∫≠n ƒë·∫•u. Sau h∆°n 30 ph√∫t thi ƒë·∫•u, NRG ƒë√£ hu·ª∑ di·ªát TL ƒë·ªÉ c√≥ th·∫Øng l·ª£i ƒë·∫ßu ti√™n t·∫°i CKTG.

#LCKVietNam #LCKWIN #WeMakeLegends #CKTG2023",2023-10-20 12:44:31,88,4,1235,1082,5,1,146,1,0,0
764661792138424,"Ch√∫c m·ª´ng ng√†y ph·ª• n·ªØ Vi·ªát Nam 20/10. Ch√∫c cho c√°c b√†, c√°c m·∫π, c√°c ch·ªã v√† to√†n th·ªÉ c√°c b·∫°n n·ªØ c√≥ th·∫≠t nhi·ªÅu s·ª©c kh·ªèe, th·∫≠t nhi·ªÅu ni·ªÅm vui. ü´∂ü´∂",2023-10-20 12:04:26,1,8,455,379,71,4,0,0,1,0
764398572164746,Bi·∫øt √¥ng Ka kh√¥ng? Ka n√†o? K'sante,2023-10-20 11:15:21,26,0,282,253,0,0,28,0,1,0
764382375499699,ƒê·∫≥ng c·∫•p r·∫°p xi·∫øc G2 l√™n ti·∫øng g·ªìng g√°nh c·∫£ khu v·ª±c LEC tr√™n vai,2023-10-20 10:00:02,28,4,963,933,11,2,14,2,0,1
764614182143185,"L·ªäCH THI ƒê·∫§U NG√ÄY 20/10 - TH·ªÇ TH·ª®C THU·ª¥ Sƒ®

Ch√†o m·ª´ng c√°c b·∫°n ƒë·∫øn v·ªõi gi·∫£i ƒë·∫•u LCK M√πa Thu nh∆∞ng ƒë∆∞·ª£c t·ªï ch·ª©c t·∫°i KBS Arena v√† ch·ªâ ƒë√°nh bo1 ü§£ü§£

#LCKVietNam #LCKWIN #WeMakeLegends #CKTG2023",2023-10-20 09:32:42,239,15,2557,1978,37,6,520,2,14,0
764237902180813,Khi GAM v·ª´a t·∫°o acc m√† g·∫∑p ngay GEN.G ƒëang ƒë·ª©ng Top 1 server v√† c√°i k·∫øt,2023-10-20 08:30:58,85,1,293,243,3,0,47,0,0,0
764213345516602,"Faker: Pyosik ∆°i, em d·∫≠y em m√∫a n·ªØa ƒëiii",2023-10-20 07:00:06,60,1,790,677,2,2,109,0,0,0
764372192167384,"T1 & GEN th·∫Øng l·ª£i ng√†y ra qu√¢n, DK & KT g·ª•c ng√£ tr√™n s√¢n nh√†",2023-10-19 21:56:03,21,2,363,352,5,1,4,1,0,0
764348322169771,"N·ªôi chi·∫øn LCK: T1 vs GEN, KT vs DK t·∫°i ƒë·∫•u tr∆∞·ªùng qu·ªëc t·∫ø",2023-10-19 20:56:56,464,29,3339,2615,23,3,661,4,32,1
764341862170417,"LCK ƒë√°nh ƒë·ªß bo3 bo5, ra th·∫ø gi·ªõi ƒë√°nh ti·∫øp bo1 üòè

#LCKVietNam #WeMakeLegends #CKTG2023 #LCKWIN",2023-10-19 20:41:02,673,96,7204,4887,47,11,2131,12,115,1
764334218837848,"[TH·ªÇ TH·ª®C TH·ª§Y Sƒ® - CKTG 2023: BLG 1-0 KT]

ƒê·∫°i chi·∫øn H√†n - Trung ƒë√£ kh√©p l·∫°i v·ªõi th·∫Øng l·ª£i thu·ªôc v·ªÅ BLG. Nh∆∞ v·∫≠y LPL s·∫Ω c√≥ 4 ƒë·∫°i di·ªán thu·ªôc nh√≥m 1-0.

#LCKVietNam #WeMakeLegends #CKTG2023",2023-10-19 20:23:54,275,10,1337,1151,11,2,167,5,1,0
764303108840959,"[TH·ªÇ TH·ª®C TH·ª§Y Sƒ® - CKTG 2023: LNG 1-0 FNC]

S·ª©c m·∫°nh √°p ƒë·∫£o c·ªßa LNG gi√∫p cho ƒë·∫°i di·ªán c·ªßa LPL l√† ƒë·ªôi ti·∫øp theo gia nh·∫≠p nh√≥m 1-0.

#LCKVietNam #WeMakeLegends #CKTG2023",2023-10-19 19:11:37,44,1,786,772,7,0,7,0,0,0
764278955510041,"[TH·ªÇ TH·ª®C TH·ª§Y Sƒ® - CKTG 2023: WBG 1-0 NRG]

Kh√¥ng c·∫ßn qu√° nhi·ªÅu ƒëi·ªÉm h·∫° g·ª•c, WBG v·∫´n t·∫°o ra m·ªôt th·∫ø tr·∫≠n hu·ª∑ di·ªát tr∆∞·ªõc NRG. Phong c√°ch macro ƒë·∫≠m phong c√°ch HLV Daeny v√† WBG kh·ªüi ƒë·∫ßu thu·∫≠n l·ª£i t·∫°i CKTG 2023.

#LCKVietNam #WeMakeLegends #CKTG2023",2023-10-19 18:11:42,48,3,871,781,11,1,78,0,0,0
764262938844976,HIGHLIGHTS: DK 0 - 1 G2 | V√íNG TH·ª§Y Sƒ® CKTG 2023,2023-10-19 17:31:22,11,2,408,369,1,0,36,1,1,0
764256558845614,"[TH·ªÇ TH·ª®C TH·ª§Y Sƒ® - CKTG 2023: G2 1-0 DK]

DK g·ª•c ng√£ tr∆∞·ªõc phong ƒë·ªô xu·∫•t s·∫Øc c·ªßa c√°c th√†nh vi√™n G2.

#LCKVietNam #WeMakeLegends #CKTG2023",2023-10-19 17:13:10,226,15,1926,1544,19,1,335,9,18,0
764231508848119,"[TH·ªÇ TH·ª®C TH·ª§Y Sƒ® - CKTG 2023: BDS 0-1 JDG]

Sau nh·ªØng ph√∫t ƒë·∫ßu ƒë√°nh d∆∞·ªõi s·ª©c, JDG ƒë√£ c√≥ s·ª± t·∫≠p trung k·ªãp th·ªùi ƒë·ªÉ ƒë√°nh b·∫°i BDS trong tr·∫≠n ƒë·∫•u m·ªü m√†n c·ªßa m√¨nh.

#LCKVietNam #WeMakeLegends #CKTG2023",2023-10-19 16:01:17,92,5,1380,1233,11,3,130,1,2,0
764218178849452,HIGHLIGHTS: GEN 1 - 0 GAM | V√íNG TH·ª§Y Sƒ® CKTG 2023,2023-10-19 15:25:17,57,3,607,528,4,1,71,0,3,0
764211188850151,"[TH·ªÇ TH·ª®C TH·ª§Y Sƒ® - CKTG 2023: GEN 1-0 GAM]

Kh√¥ng c√≥ b·∫•t ng·ªù n√†o x·∫£y ra khi GEN ƒë√°nh √°p ƒë·∫£o ·ªü c·∫£ m·ªçi v·ªã tr√≠ v√† gi√†nh th·∫Øng l·ª£i nhanh g·ªçn sau ch∆∞a ƒë·∫ßy 23 ph√∫t thi ƒë·∫•u.

#LCKVietNam #WeMakeLegends #CKTG2023",2023-10-19 15:03:49,439,13,2001,1570,23,1,391,1,15,0
764188565519080,"[TH·ªÇ TH·ª®C TH·ª§Y Sƒ® - CKTG 2023: C9 1-0 MAD]

""S∆∞ T∆∞ ƒêi√™n"" ch√¢u √Çu v·∫´n gi·ªØ v·ªØng phong ƒë·ªô khi ra qu·ªëc t·∫ø v√† l·∫ßn n√†y, h·ªç thua tr∆∞·ªõc seed 2 c·ªßa B·∫Øc M·ªπ l√† Cloud 9 ü§£

#LCKVietNam #WeMakeLegends #CKTG2023",2023-10-19 14:01:33,35,2,949,820,8,1,117,1,2,0
764175842187019,HIGHLIGHTS: T1 1 - 0 TL | V√íNG TH·ª§Y Sƒ® CKTG 2023,2023-10-19 13:24:31,59,7,1346,1249,86,3,6,1,0,1
764170138854256,T1 vs TL - Ng√†i Mark r·∫•t hay nh∆∞ng Gumayusi r·∫•t ti·∫øc #LCKVietNam #CKTG2023,2023-10-19 13:05:30,173,14,4155,3942,42,7,158,3,3,0
764168095521127,"[TH·ªÇ TH·ª®C TH·ª§Y Sƒ® - CKTG 2023: T1 1-0 TL]

M√†n tr√¨nh di·ªÖn ch√≥i s√°ng c·ªßa Pyosik l√† kh√¥ng ƒë·ªß ƒë·ªÉ gi√∫p Team Liquid c√≥ chi·∫øn th·∫Øng. T1 v·ªõi pha giao tranh ho√†n h·∫£o ƒë√£ ƒë·ªãnh ƒëo·∫°t k·∫øt qu·∫£ tr·∫≠n ƒë·∫•u.

#LCKVietNam #WeMakeLegends #CKTG2023",2023-10-19 13:00:08,343,42,3445,2847,535,9,49,5,0,0
764142632190340,"T1 - ƒë·ªôi tuy·ªÉn 3 l·∫ßn v√¥ ƒë·ªãch th·∫ø gi·ªõi s·∫Ω l√† ƒë·∫°i di·ªán khai m√†n cho v√≤ng Swiss Stage v√† ƒë·ªëi th·ªß s·∫Ω l√† Team Liquid.

#LCKVietNam #LCKWIN #WeMakeLegends #CKTG2023",2023-10-19 11:47:09,97,5,2096,1784,296,7,8,1,0,0
764099768861293,"X·∫° th·ªß tr·∫ª c·ªßa GEN - Peyz chia s·∫ª b√≠ quy·∫øt last hit t∆∞·ªõng th∆∞·ª£ng th·ª´a c·ªßa m√¨nh üòå

#LCKVietNam #LCKWIN #WeMakeLegends #CKTG2023",2023-10-19 09:50:54,83,8,1656,1338,8,2,305,2,1,0
763817608889509,"4 x·∫° th·ªß c·ªßa LCK T·ª± tin v·ªõi v·ªã t∆∞·ªõng n√†o nh·∫•t üòé
- GEN Peyz: Aphelios do ƒë√£ ch∆°i r·∫•t nhi·ªÅu.
- T1 Gumayusi: Jhin do nghƒ© r·∫±ng m√¨nh ch∆°i t·ªët c√°c t∆∞·ªõng t·∫ßm xa.
- KT Aiming: Zeri do ch∆°i gi·ªèi.
- DK Deft: Caitlyn do lu√¥n th·∫Øng khi c·∫ßm t∆∞·ªõng n√†y.

#LCKVietNam #LCKWIN #WeMakeLegends #CKTG2023",2023-10-18 21:25:53,168,4,1592,1533,30,1,27,0,1,0
763716372232966,"ƒê∆∞∆°ng kim v√¥ ƒë·ªãch th·∫ø gi·ªõi Pyosik aka ng√†i Mark nh·∫≠n ƒë·ªãnh v·ªÅ tr·∫≠n ƒë·∫•u s·∫Øp t·ªõi T1 üòé

#LCKVietNam #LCKWIN #WeMakeLegends #CKTG2023",2023-10-18 17:18:12,42,1,1195,969,14,1,208,0,3,0
763649385572998,"TOP 10 Tuy·ªÉn th·ªß c√≥ nhi·ªÅu ƒëi·ªÉm h·∫° g·ª•c nh·∫•t t·∫°i c√°c k·ª≥ CKTG
1Ô∏è‚É£ Faker: 400 ƒëi·ªÉm h·∫° g·ª•c.
2Ô∏è‚É£ Deft: 372 ƒëi·ªÉm h·∫° g·ª•c.
9Ô∏è‚É£ ShowMaker: 257 ƒëi·ªÉm h·∫° g·ª•c.

#LCKVietNam #LCKWIN #WeMakeLegends #CKTG2023",2023-10-18 15:10:52,37,3,1663,1441,198,2,20,2,0,0
763658015572135,Tuy·ªÉn th·ªß Man City - Nathan Ak√© g·ª≠i l·ªùi c·ªï v≈© ƒë·∫øn ƒë·ªôi tuy·ªÉn GEN.G v√† tuy·ªÉn th·ªß Peanut ü§©,2023-10-18 14:46:41,18,6,530,475,42,0,12,1,0,0
763645418906728,TW l·∫ßn ƒë·∫ßu b∆°i ra bi·ªÉn l·ªõn v√† c√°i k·∫øt khi·∫øn th·∫ø gi·ªõi ph·∫£i tr·∫ßm tr·ªì th√°n ph·ª•c,2023-10-18 14:17:12,10,4,670,618,50,0,2,0,0,0
763622842242319,"Gigachad Adam khu·∫•y ƒë·∫£o CKTG 2023 b·∫±ng con b√†i ""Ng∆∞·ª°ng m√°u t·ª≠"" #LCKVietNam #CKTG2023",2023-10-18 13:14:42,15,1,507,460,2,0,45,0,0,0
763568722247731,"HiKR Ground - m·ªôt ƒë·ªãa ƒëi·ªÉm cho gi·ªõi tr·∫ª kh√¥ng th·ªÉ b·ªè l·ª° t·∫°i Seoul ƒë√£ kho√°c l√™n m√¨nh b·ªô √°o m·ªõi mang ƒë·∫≠m phong c√°ch CKTG ""Worlds Playground"". T·∫°i ƒë√¢y, b·∫°n c√≥ th·ªÉ tr·∫£i nghi·ªám Esports m√† kh√¥ng ·ªü ƒë√¢u c√≥ ƒë∆∞·ª£c:
1Ô∏è‚É£ L·ªãch s·ª≠ c·ªßa c√°c ƒë·ªôi tuy·ªÉn LCK t·∫°i CKTG.
2Ô∏è‚É£ Ph√≤ng tr∆∞ng b√†y v·ªÅ x·∫° th·ªß Deft v√† Photoboth c·ªßa CKTG 2023.
3Ô∏è‚É£ H√¨nh ·∫£nh 4 ƒë·ªôi tuy·ªÉn LCK tham gia CKTG 2023 v√† n∆°i check-in, vi·∫øt l·ªùi c·ªï v≈©.
4Ô∏è‚É£ Gi·ªõi thi·ªáu t·ª´ng tuy·ªÉn th·ªß / ƒë·ªôi tuy·ªÉn v√† vƒÉn ho√° H√†n Qu·ªëc.

Ch·ªâ v·ªõi 22,9 tri·ªáu ƒë·ªìng, c√°c b·∫°n ƒë√£ c√≥ th·ªÉ tr·∫£i nghi·ªám tr·ªçn v·∫πn t·∫°i HiKR Ground!! H√£y ƒëƒÉng k√Ω ngay tour du l·ªãch Esports r·∫•t ƒë·∫∑c bi·ªát ƒë∆∞·ª£c t·ªï ch·ª©c b·ªüi T·ªïng c·ª•c Du l·ªãch H√†n Qu·ªëc t·∫°i Vi·ªát Nam, BOX Sports v√† SGO DMC nh√©.

#KTOVietNam #BOXSports #SGODMC",2023-10-18 12:00:01,1,0,57,54,1,1,1,0,0,0
763541818917088,"L·ªäCH THI ƒê·∫§U NG√ÄY 19/10 - TH·ªÇ TH·ª®C THU·ª¥ Sƒ®

4 ƒë·ªôi tuy·ªÉn LCK s·∫Ω ƒë·ªÅu tham chi·∫øn trong ng√†y 19/10. N·∫øu nh∆∞ GEN v√† T1 s·∫Ω g·∫∑p nh·ªØng ƒë·ªëi th·ªß b·ªã ƒë√°nh gi√° y·∫øu h∆°n th√¨ DK l·∫´n KT s·∫Ω c√≥ tr·∫≠n m·ªü m√†n r·∫•t kh√≥ khƒÉn tr∆∞·ªõc c√°c √¥ng l·ªõn t·ª´ Ch√¢u √Çu - Trung Qu·ªëc.

#LCKVietNam #LCKWIN #WeMakeLegends #CKTG2023",2023-10-18 09:45:35,292,38,3738,3277,417,7,32,4,1,0
763234435614493,"GAM Esports v·∫´n ƒëang tr√™n con ƒë∆∞·ªùng t√¨m ra c√°ch ƒë√°nh b·∫°i ƒë·ªôi tuy·ªÉn m·∫°nh nh·∫•t c·ªßa LCK - Gen.G ü´°

#LCKVietNam #LCKWIN #WeMakeLegends #CKTG2023",2023-10-17 21:01:41,138,10,4001,2676,39,10,1267,2,7,0
763099128961357,Chovy ƒëang ƒë·ª©ng top 1 th√°ch ƒë·∫•u H√†n v·ªõi h∆°n 2000 ƒëi·ªÉm LP,2023-10-17 16:30:40,186,14,1547,1506,21,3,14,2,0,1
763074282297175,Song s√°t Faker & Deft ph√° ƒë·∫£o rank H√†n v√† m√†n g√°nh team m√£n nh√£n,2023-10-17 14:56:37,16,3,552,486,8,1,57,0,0,0
763073312297272,"C√°c th·∫ßn r·ª´ng c·ªßa LCK tr√¥ng gi·ªëng qu√°i r·ª´ng n√†o nh·∫•t üòå

#LCKVietNam #LCKWIN #WeMakeLegends #CKTG2023",2023-10-17 14:51:06,12,5,629,437,3,1,187,1,0,0
763052918965978,"B·∫†N C√ì H·∫∏N V·ªöI BRION ESPORTS V√ÄO TH√ÅNG 11 T·∫†I SEOUL

ƒêi·ªÉm th√∫ v·ªã c·ªßa Tour Esports ƒë∆∞·ª£c t·∫°o n√™n b·ªüi T·ªïng c·ª•c Du l·ªãch H√†n Qu·ªëc t·∫°i Vi·ªát Nam, BOX Sports v√† SGO DMC l√† b·∫°n s·∫Ω ƒë∆∞·ª£c ch√†o ƒë√≥n t·∫°i Seoul b·ªüi nh·ªØng th√†nh vi√™n Brion Esports. H√£y th·ª≠ t∆∞·ªüng t∆∞·ª£ng ƒë∆∞·ª£c thƒÉm th√∫ th√°nh ƒë·ªãa c·ªßa Esports c√πng v·ªõi ƒë·ªôi tuy·ªÉn Brion th√¨ s·∫Ω th√∫ v·ªã bi·∫øt nh∆∞·ªùng n√†o!!

ƒê·ª´ng b·ªè l·ª° c∆° h·ªôi tham gia tour du l·ªãch Esports r·∫•t ƒë·∫∑c bi·ªát ƒë∆∞·ª£c t·ªï ch·ª©c b·ªüi T·ªïng c·ª•c Du l·ªãch H√†n Qu·ªëc t·∫°i Vi·ªát Nam, BOX Sports v√† SGO DMC nh√©.

#KTOVietNam #BOXSports #SGODMC",2023-10-17 13:51:23,4,1,139,120,18,0,1,0,0,0
762984452306158,"Tr∆∞·ªõc th·ªÅm Swiss Stage CKTG 2023, GEN Chovy ƒë·∫°t m·ªëc 2008 ƒëi·ªÉm x·∫øp h·∫°ng, ph√° v·ª° m·ªçi k·ªâ l·ª•c trong l·ªãch s·ª≠ t·∫°i m√°y ch·ªß H√†n Qu·ªëc.

#LCKVietNam #LCKWIN #WeMakeLegends #CKTG2023",2023-10-17 10:31:52,395,10,3470,3014,359,8,50,32,7,0
762765282328075,"C√≥ l·∫Ω n√†o Adam l√† nh√¢n v·∫≠t ch√≠nh c·ªßa b√†i h√°t ch·ªß ƒë·ªÅ ""GODS"" nƒÉm nay",2023-10-17 07:00:15,189,6,2401,1970,10,3,414,3,1,0
762685885669348,"GAM v·ªõi TES l√∫c ƒë√≥ ki·ªÉu: ƒê√°nh nh√† cho anh, ƒë√°nh nh√† l√† win",2023-10-16 20:45:33,269,77,7738,6280,156,16,1266,6,13,1
